url,family,score,reason
https://nursenest.ca/blog/abg-interpretation-advanced-review-np-certification,blog,80,currently_200_sampled_indexable_not_for_submission_until_gsc_go
https://nursenest.ca/blog/ace-inhibitors-clinical-pharmacology-pharmacy-guide,blog,80,currently_200_sampled_indexable_not_for_submission_until_gsc_go
https://nursenest.ca/blog/adhd-management-review-np-certification,blog,80,currently_200_sampled_indexable_not_for_submission_until_gsc_go
https://nursenest.ca/blog/antibiotic-classes-pharmacology-overview,blog,80,currently_200_sampled_indexable_not_for_submission_until_gsc_go
https://nursenest.ca/blog/anticoagulant-prescribing-review-np-certification,blog,80,currently_200_sampled_indexable_not_for_submission_until_gsc_go
https://nursenest.ca/blog/anticoagulants-pharmacology-overview-pharmacy,blog,80,currently_200_sampled_indexable_not_for_submission_until_gsc_go
https://nursenest.ca/blog/antipsychotic-side-effects-pharmacy-clinical-guide,blog,80,currently_200_sampled_indexable_not_for_submission_until_gsc_go
https://nursenest.ca/blog/ar-intl-hospital-delirium-nonpharm-intl-topic-012,blog,80,currently_200_sampled_indexable_not_for_submission_until_gsc_go
https://nursenest.ca/blog/ar-intl-hospital-delirium-nonpharm-intl-topic-040,blog,80,currently_200_sampled_indexable_not_for_submission_until_gsc_go
https://nursenest.ca/blog/ar-intl-hospital-delirium-nonpharm-intl-topic-068,blog,80,currently_200_sampled_indexable_not_for_submission_until_gsc_go
https://nursenest.ca/blog/ar-intl-hospital-delirium-nonpharm-intl-topic-096,blog,80,currently_200_sampled_indexable_not_for_submission_until_gsc_go
https://nursenest.ca/blog/ar-intl-hospital-delirium-nonpharm-intl-topic-124,blog,80,currently_200_sampled_indexable_not_for_submission_until_gsc_go
https://nursenest.ca/blog/asthma-medications-pharmacology-explained,blog,80,currently_200_sampled_indexable_not_for_submission_until_gsc_go
https://nursenest.ca/blog/au-np-acp-abg-metabolic-respiratory-mixed-patterns-primary-care-australia,blog,80,currently_200_sampled_indexable_not_for_submission_until_gsc_go
https://nursenest.ca/blog/au-np-acp-abg-metabolic-respiratory-mixed-patterns-rural-remote-australia,blog,80,currently_200_sampled_indexable_not_for_submission_until_gsc_go
https://nursenest.ca/blog/au-np-acp-acute-undifferentiated-chest-pain-triage-community-mental-health,blog,80,currently_200_sampled_indexable_not_for_submission_until_gsc_go
https://nursenest.ca/blog/au-np-acp-acute-undifferentiated-chest-pain-triage-primary-care-australia,blog,80,currently_200_sampled_indexable_not_for_submission_until_gsc_go
https://nursenest.ca/blog/au-np-acp-acute-undifferentiated-chest-pain-triage-reproductive-womens-health,blog,80,currently_200_sampled_indexable_not_for_submission_until_gsc_go
https://nursenest.ca/blog/au-np-acp-advanced-respiratory-exam-adventitious-sounds-community-mental-health,blog,80,currently_200_sampled_indexable_not_for_submission_until_gsc_go
https://nursenest.ca/blog/au-np-acp-advanced-respiratory-exam-adventitious-sounds-hospital-acute-interface,blog,80,currently_200_sampled_indexable_not_for_submission_until_gsc_go
https://nursenest.ca/blog/au-np-acp-advanced-respiratory-exam-adventitious-sounds-primary-care-australia,blog,80,currently_200_sampled_indexable_not_for_submission_until_gsc_go
https://nursenest.ca/blog/au-np-acp-advanced-respiratory-exam-adventitious-sounds-reproductive-womens-health,blog,80,currently_200_sampled_indexable_not_for_submission_until_gsc_go
https://nursenest.ca/blog/au-np-acp-advanced-respiratory-exam-adventitious-sounds-rural-remote-australia,blog,80,currently_200_sampled_indexable_not_for_submission_until_gsc_go
https://nursenest.ca/blog/au-np-acp-af-anticoagulation-decision-aids-educational-hospital-acute-interface,blog,80,currently_200_sampled_indexable_not_for_submission_until_gsc_go
https://nursenest.ca/blog/au-np-acp-af-anticoagulation-decision-aids-educational-reproductive-womens-health,blog,80,currently_200_sampled_indexable_not_for_submission_until_gsc_go
https://nursenest.ca/blog/au-np-acp-af-anticoagulation-decision-aids-educational-rural-remote-australia,blog,80,currently_200_sampled_indexable_not_for_submission_until_gsc_go
https://nursenest.ca/blog/au-np-acp-asthma-inhaler-technique-teach-back-community-mental-health,blog,80,currently_200_sampled_indexable_not_for_submission_until_gsc_go
https://nursenest.ca/blog/au-np-acp-asthma-inhaler-technique-teach-back-hospital-acute-interface,blog,80,currently_200_sampled_indexable_not_for_submission_until_gsc_go
https://nursenest.ca/blog/au-np-acp-asthma-inhaler-technique-teach-back-rural-remote-australia,blog,80,currently_200_sampled_indexable_not_for_submission_until_gsc_go
https://nursenest.ca/blog/au-np-acp-australian-np-scope-nmba-endorsement-community-mental-health,blog,80,currently_200_sampled_indexable_not_for_submission_until_gsc_go
https://nursenest.ca/blog/au-np-acp-australian-np-scope-nmba-endorsement-hospital-acute-interface,blog,80,currently_200_sampled_indexable_not_for_submission_until_gsc_go
https://nursenest.ca/blog/au-np-acp-australian-np-scope-nmba-endorsement-primary-care-australia,blog,80,currently_200_sampled_indexable_not_for_submission_until_gsc_go
https://nursenest.ca/blog/au-np-acp-australian-np-scope-nmba-endorsement-reproductive-womens-health,blog,80,currently_200_sampled_indexable_not_for_submission_until_gsc_go
https://nursenest.ca/blog/au-np-acp-australian-np-scope-nmba-endorsement-rural-remote-australia,blog,80,currently_200_sampled_indexable_not_for_submission_until_gsc_go
https://nursenest.ca/blog/au-np-acp-cardiovascular-gdmt-hf-bp-coaching-community-mental-health,blog,80,currently_200_sampled_indexable_not_for_submission_until_gsc_go
https://nursenest.ca/blog/au-np-acp-cardiovascular-gdmt-hf-bp-coaching-rural-remote-australia,blog,80,currently_200_sampled_indexable_not_for_submission_until_gsc_go
https://nursenest.ca/blog/au-np-acp-chronic-disease-longitudinal-panel-review-community-mental-health,blog,80,currently_200_sampled_indexable_not_for_submission_until_gsc_go
https://nursenest.ca/blog/au-np-acp-chronic-disease-longitudinal-panel-review-hospital-acute-interface,blog,80,currently_200_sampled_indexable_not_for_submission_until_gsc_go
https://nursenest.ca/blog/au-np-acp-chronic-disease-longitudinal-panel-review-reproductive-womens-health,blog,80,currently_200_sampled_indexable_not_for_submission_until_gsc_go
https://nursenest.ca/blog/au-np-acp-ckd-proteinuria-bp-targets-educational-community-mental-health,blog,80,currently_200_sampled_indexable_not_for_submission_until_gsc_go
https://nursenest.ca/blog/au-np-acp-ckd-proteinuria-bp-targets-educational-hospital-acute-interface,blog,80,currently_200_sampled_indexable_not_for_submission_until_gsc_go
https://nursenest.ca/blog/au-np-acp-ckd-proteinuria-bp-targets-educational-reproductive-womens-health,blog,80,currently_200_sampled_indexable_not_for_submission_until_gsc_go
https://nursenest.ca/blog/au-np-acp-clinical-documentation-defensibility-nsqhs-hospital-acute-interface,blog,80,currently_200_sampled_indexable_not_for_submission_until_gsc_go
https://nursenest.ca/blog/au-np-acp-clinical-documentation-defensibility-nsqhs-primary-care-australia,blog,80,currently_200_sampled_indexable_not_for_submission_until_gsc_go
https://nursenest.ca/blog/au-np-acp-copd-exacerbation-prevention-spirometry-concepts-community-mental-health,blog,80,currently_200_sampled_indexable_not_for_submission_until_gsc_go
https://nursenest.ca/blog/au-np-acp-copd-exacerbation-prevention-spirometry-concepts-reproductive-womens-health,blog,80,currently_200_sampled_indexable_not_for_submission_until_gsc_go
https://nursenest.ca/blog/au-np-acp-differential-diagnosis-hypotension-framework-community-mental-health,blog,80,currently_200_sampled_indexable_not_for_submission_until_gsc_go
https://nursenest.ca/blog/au-np-acp-differential-diagnosis-hypotension-framework-rural-remote-australia,blog,80,currently_200_sampled_indexable_not_for_submission_until_gsc_go
https://nursenest.ca/blog/au-np-acp-ecg-st-elevation-mimics-and-escalation-community-mental-health,blog,80,currently_200_sampled_indexable_not_for_submission_until_gsc_go
https://nursenest.ca/blog/au-np-acp-ecg-st-elevation-mimics-and-escalation-hospital-acute-interface,blog,80,currently_200_sampled_indexable_not_for_submission_until_gsc_go
https://nursenest.ca/blog/au-np-acp-ecg-st-elevation-mimics-and-escalation-primary-care-australia,blog,80,currently_200_sampled_indexable_not_for_submission_until_gsc_go
https://nursenest.ca/blog/au-np-acp-ecg-st-elevation-mimics-and-escalation-reproductive-womens-health,blog,80,currently_200_sampled_indexable_not_for_submission_until_gsc_go
https://nursenest.ca/blog/au-np-acp-electrolyte-hyponatremia-chronic-educational-community-mental-health,blog,80,currently_200_sampled_indexable_not_for_submission_until_gsc_go
https://nursenest.ca/blog/au-np-acp-electrolyte-hyponatremia-chronic-educational-hospital-acute-interface,blog,80,currently_200_sampled_indexable_not_for_submission_until_gsc_go
https://nursenest.ca/blog/au-np-acp-indigenous-cultural-safety-clinical-engagement-primary-care-australia,blog,80,currently_200_sampled_indexable_not_for_submission_until_gsc_go
https://nursenest.ca/blog/canadian-np-family-cardiovascular-telehealth-hybrid-care,blog,80,currently_200_sampled_indexable_not_for_submission_until_gsc_go
https://nursenest.ca/blog/cpnre-cnple-infection-control-ipac-cpnre-clinical-judgment-guide,blog,80,currently_200_sampled_indexable_not_for_submission_until_gsc_go
https://nursenest.ca/blog/cpnre-cnple-new-grad-rpn-first-job-survival-study-plan,blog,80,currently_200_sampled_indexable_not_for_submission_until_gsc_go
https://nursenest.ca/blog/new-grad-nursing-handoff-risk-reduction-inpatient-rehabilitation-transition-longtail,blog,80,currently_200_sampled_indexable_not_for_submission_until_gsc_go
https://nursenest.ca/blog/new-grad-nursing-ngn-style-clinical-judgment-habits-oncology-transition-longtail,blog,80,currently_200_sampled_indexable_not_for_submission_until_gsc_go
https://nursenest.ca/blog/rex-pn-canadian-pn-burnout-prevention-practical-nursing-rex-pn-case-study-thinking,blog,80,currently_200_sampled_indexable_not_for_submission_until_gsc_go
https://nursenest.ca/blog/rex-pn-canadian-pn-clinical-placement-success-rex-pn-practice-question-review,blog,80,currently_200_sampled_indexable_not_for_submission_until_gsc_go
https://nursenest.ca/blog/rex-pn-rpn-hand-hygiene-five-moments-canada-rex-pn-ngn-item-thinking,blog,80,currently_200_sampled_indexable_not_for_submission_until_gsc_go
https://nursenest.ca/blog/rex-pn-rpn-pneumonia-respiratory-assessment-rpn-canada-medication-safety-mar-canada,blog,80,currently_200_sampled_indexable_not_for_submission_until_gsc_go
https://nursenest.ca/blog/rex-pn-rpn-post-op-surgical-assessment-rpn-canada-sbar-escalation-canada,blog,80,currently_200_sampled_indexable_not_for_submission_until_gsc_go
https://nursenest.ca/allied-health/imaging/blog/top-50-radiology-questions,pathway,55,currently_200_sampled_indexable_not_for_submission_until_gsc_go
https://nursenest.ca/allied-health/mlt/blog/clinical-chemistry-electrolyte-panels,pathway,55,currently_200_sampled_indexable_not_for_submission_until_gsc_go
https://nursenest.ca/allied-health/paramedic/blog/top-50-ems-questions-1,pathway,55,currently_200_sampled_indexable_not_for_submission_until_gsc_go
https://nursenest.ca/allied-health/respiratory-therapy/abg-practice-questions,pathway,55,currently_200_sampled_indexable_not_for_submission_until_gsc_go
https://nursenest.ca/allied-health/respiratory-therapy/mechanical-ventilation-questions,pathway,55,currently_200_sampled_indexable_not_for_submission_until_gsc_go
https://nursenest.ca/allied-health/respiratory-therapy/oxygen-therapy-questions,pathway,55,currently_200_sampled_indexable_not_for_submission_until_gsc_go
https://nursenest.ca/allied-health/respiratory-therapy/practice-questions,pathway,55,currently_200_sampled_indexable_not_for_submission_until_gsc_go
https://nursenest.ca/blog/acc-injury-care-nursing-documentation-basics-nz-education,blog,55,currently_200_sampled_indexable_not_for_submission_until_gsc_go
https://nursenest.ca/blog/acute-kidney-injury-fluid-electrolyte-nursing-review-australia,blog,55,currently_200_sampled_indexable_not_for_submission_until_gsc_go
https://nursenest.ca/blog/adapting-to-nursing-work-australia-for-international-nurse-graduates,blog,55,currently_200_sampled_indexable_not_for_submission_until_gsc_go
https://nursenest.ca/blog/adaptive-equipment-adls-ot,blog,55,currently_200_sampled_indexable_not_for_submission_until_gsc_go
https://nursenest.ca/blog/adls-vs-iadls-ot-student-guide,blog,55,currently_200_sampled_indexable_not_for_submission_until_gsc_go
https://nursenest.ca/blog/ahpra-nurse-registration-pathway-international-educational-overview,blog,55,currently_200_sampled_indexable_not_for_submission_until_gsc_go
https://nursenest.ca/blog/airway-adjuncts-ems-difficult-airway-communication-and-plan-b-ems,blog,55,currently_200_sampled_indexable_not_for_submission_until_gsc_go
https://nursenest.ca/blog/airway-adjuncts-ems-post-intubation-confirmation-and-etco2-ems,blog,55,currently_200_sampled_indexable_not_for_submission_until_gsc_go
https://nursenest.ca/blog/airway-adjuncts-ems-suction-bvm-and-two-person-ventilation-ems,blog,55,currently_200_sampled_indexable_not_for_submission_until_gsc_go
https://nursenest.ca/blog/altitude-illness-hape-hace-prehospital-recognition-ems,blog,55,currently_200_sampled_indexable_not_for_submission_until_gsc_go
https://nursenest.ca/blog/ana-screening-autoimmune-serology-basics-mlt,blog,55,currently_200_sampled_indexable_not_for_submission_until_gsc_go
https://nursenest.ca/blog/anaphylaxis-prehospital-airway-edema-biphasic-return-precautions-ems,blog,55,currently_200_sampled_indexable_not_for_submission_until_gsc_go
https://nursenest.ca/blog/anaphylaxis-prehospital-epinephrine-im-first-line-and-repeat-dosing-ems,blog,55,currently_200_sampled_indexable_not_for_submission_until_gsc_go
https://nursenest.ca/blog/anaphylaxis-prehospital-h1-h2-blockers-steroids-as-adjuncts-ems,blog,55,currently_200_sampled_indexable_not_for_submission_until_gsc_go
https://nursenest.ca/blog/anaphylaxis-prehospital-observation-and-refusal-documentation-ems,blog,55,currently_200_sampled_indexable_not_for_submission_until_gsc_go
https://nursenest.ca/blog/anaphylaxis-prehospital-orthostatic-and-shock-presentation-ems,blog,55,currently_200_sampled_indexable_not_for_submission_until_gsc_go
https://nursenest.ca/blog/anaphylaxis-prehospital-protocol-epinephrine-ems,blog,55,currently_200_sampled_indexable_not_for_submission_until_gsc_go
https://nursenest.ca/blog/antibody-screen-unexpected-antibodies-blood-bank-mlt,blog,55,currently_200_sampled_indexable_not_for_submission_until_gsc_go
https://nursenest.ca/blog/aortic-dissection-suspicion-field-assessment-ems,blog,55,currently_200_sampled_indexable_not_for_submission_until_gsc_go
https://nursenest.ca/blog/ar-intl-acid-base-arterial-blood-gas-intl-topic-007,blog,55,currently_200_sampled_indexable_not_for_submission_until_gsc_go
https://nursenest.ca/blog/ar-intl-acid-base-arterial-blood-gas-intl-topic-063,blog,55,currently_200_sampled_indexable_not_for_submission_until_gsc_go
https://nursenest.ca/blog/ar-intl-acid-base-arterial-blood-gas-intl-topic-119,blog,55,currently_200_sampled_indexable_not_for_submission_until_gsc_go
https://nursenest.ca/blog/ar-intl-acs-nursing-first-hour-intl-topic-033,blog,55,currently_200_sampled_indexable_not_for_submission_until_gsc_go
https://nursenest.ca/blog/ar-intl-acs-nursing-first-hour-intl-topic-061,blog,55,currently_200_sampled_indexable_not_for_submission_until_gsc_go
https://nursenest.ca/blog/ar-intl-acs-nursing-first-hour-intl-topic-089,blog,55,currently_200_sampled_indexable_not_for_submission_until_gsc_go
https://nursenest.ca/blog/ar-intl-acs-nursing-first-hour-intl-topic-117,blog,55,currently_200_sampled_indexable_not_for_submission_until_gsc_go
https://nursenest.ca/blog/ar-intl-acute-asthma-airway-intl-topic-044,blog,55,currently_200_sampled_indexable_not_for_submission_until_gsc_go
https://nursenest.ca/blog/ar-intl-acute-asthma-airway-intl-topic-072,blog,55,currently_200_sampled_indexable_not_for_submission_until_gsc_go
https://nursenest.ca/blog/ar-intl-acute-asthma-airway-intl-topic-100,blog,55,currently_200_sampled_indexable_not_for_submission_until_gsc_go
https://nursenest.ca/blog/ar-intl-acute-asthma-airway-intl-topic-128,blog,55,currently_200_sampled_indexable_not_for_submission_until_gsc_go
https://nursenest.ca/blog/ar-intl-acute-heart-failure-decomp-intl-topic-024,blog,55,currently_200_sampled_indexable_not_for_submission_until_gsc_go
https://nursenest.ca/blog/ar-intl-acute-heart-failure-decomp-intl-topic-052,blog,55,currently_200_sampled_indexable_not_for_submission_until_gsc_go
https://nursenest.ca/blog/ar-intl-acute-heart-failure-decomp-intl-topic-108,blog,55,currently_200_sampled_indexable_not_for_submission_until_gsc_go
https://nursenest.ca/blog/ar-intl-acute-heart-failure-decomp-intl-topic-136,blog,55,currently_200_sampled_indexable_not_for_submission_until_gsc_go
https://nursenest.ca/blog/ar-intl-acute-intoxication-stabilization-intl-topic-027,blog,55,currently_200_sampled_indexable_not_for_submission_until_gsc_go
https://nursenest.ca/blog/ar-intl-acute-intoxication-stabilization-intl-topic-083,blog,55,currently_200_sampled_indexable_not_for_submission_until_gsc_go
https://nursenest.ca/blog/ar-intl-acute-intoxication-stabilization-intl-topic-111,blog,55,currently_200_sampled_indexable_not_for_submission_until_gsc_go
https://nursenest.ca/blog/ar-intl-acute-intoxication-stabilization-intl-topic-139,blog,55,currently_200_sampled_indexable_not_for_submission_until_gsc_go
https://nursenest.ca/blog/ar-intl-aki-fluid-balance-intl-topic-008,blog,55,currently_200_sampled_indexable_not_for_submission_until_gsc_go
https://nursenest.ca/blog/ar-intl-aki-fluid-balance-intl-topic-036,blog,55,currently_200_sampled_indexable_not_for_submission_until_gsc_go
https://nursenest.ca/blog/ar-intl-aki-fluid-balance-intl-topic-064,blog,55,currently_200_sampled_indexable_not_for_submission_until_gsc_go
https://nursenest.ca/blog/ar-intl-aki-fluid-balance-intl-topic-092,blog,55,currently_200_sampled_indexable_not_for_submission_until_gsc_go
https://nursenest.ca/blog/ar-intl-aki-fluid-balance-intl-topic-120,blog,55,currently_200_sampled_indexable_not_for_submission_until_gsc_go
https://nursenest.ca/blog/ar-intl-anticoagulation-bleeding-teaching-intl-topic-023,blog,55,currently_200_sampled_indexable_not_for_submission_until_gsc_go
https://nursenest.ca/blog/ar-intl-anticoagulation-bleeding-teaching-intl-topic-051,blog,55,currently_200_sampled_indexable_not_for_submission_until_gsc_go
https://nursenest.ca/blog/ar-intl-anticoagulation-bleeding-teaching-intl-topic-079,blog,55,currently_200_sampled_indexable_not_for_submission_until_gsc_go
https://nursenest.ca/blog/ar-intl-anticoagulation-bleeding-teaching-intl-topic-107,blog,55,currently_200_sampled_indexable_not_for_submission_until_gsc_go
https://nursenest.ca/blog/ar-intl-anticoagulation-bleeding-teaching-intl-topic-135,blog,55,currently_200_sampled_indexable_not_for_submission_until_gsc_go
https://nursenest.ca/blog/ar-intl-arrhythmia-syncope-monitoring-intl-topic-025,blog,55,currently_200_sampled_indexable_not_for_submission_until_gsc_go
https://nursenest.ca/blog/ar-intl-arrhythmia-syncope-monitoring-intl-topic-053,blog,55,currently_200_sampled_indexable_not_for_submission_until_gsc_go
https://nursenest.ca/blog/ar-intl-arrhythmia-syncope-monitoring-intl-topic-081,blog,55,currently_200_sampled_indexable_not_for_submission_until_gsc_go
https://nursenest.ca/blog/ar-intl-arrhythmia-syncope-monitoring-intl-topic-109,blog,55,currently_200_sampled_indexable_not_for_submission_until_gsc_go
https://nursenest.ca/blog/ar-intl-arrhythmia-syncope-monitoring-intl-topic-137,blog,55,currently_200_sampled_indexable_not_for_submission_until_gsc_go
https://nursenest.ca/blog/ar-intl-cap-severity-nursing-intl-topic-014,blog,55,currently_200_sampled_indexable_not_for_submission_until_gsc_go
https://nursenest.ca/blog/ar-intl-cap-severity-nursing-intl-topic-042,blog,55,currently_200_sampled_indexable_not_for_submission_until_gsc_go
https://nursenest.ca/blog/ar-intl-cap-severity-nursing-intl-topic-070,blog,55,currently_200_sampled_indexable_not_for_submission_until_gsc_go
https://nursenest.ca/blog/ar-intl-cap-severity-nursing-intl-topic-098,blog,55,currently_200_sampled_indexable_not_for_submission_until_gsc_go
https://nursenest.ca/blog/ar-intl-cap-severity-nursing-intl-topic-126,blog,55,currently_200_sampled_indexable_not_for_submission_until_gsc_go
https://nursenest.ca/blog/ar-intl-clabsi-prevention-care-intl-topic-013,blog,55,currently_200_sampled_indexable_not_for_submission_until_gsc_go
https://nursenest.ca/blog/ar-intl-clabsi-prevention-care-intl-topic-041,blog,55,currently_200_sampled_indexable_not_for_submission_until_gsc_go
https://nursenest.ca/blog/ar-intl-clabsi-prevention-care-intl-topic-069,blog,55,currently_200_sampled_indexable_not_for_submission_until_gsc_go
https://nursenest.ca/blog/ar-intl-clabsi-prevention-care-intl-topic-097,blog,55,currently_200_sampled_indexable_not_for_submission_until_gsc_go
https://nursenest.ca/blog/ar-intl-clabsi-prevention-care-intl-topic-125,blog,55,currently_200_sampled_indexable_not_for_submission_until_gsc_go
https://nursenest.ca/blog/ar-intl-coagulation-procedure-bleeding-intl-topic-020,blog,55,currently_200_sampled_indexable_not_for_submission_until_gsc_go
https://nursenest.ca/blog/ar-intl-coagulation-procedure-bleeding-intl-topic-048,blog,55,currently_200_sampled_indexable_not_for_submission_until_gsc_go
https://nursenest.ca/blog/ar-intl-coagulation-procedure-bleeding-intl-topic-076,blog,55,currently_200_sampled_indexable_not_for_submission_until_gsc_go
https://nursenest.ca/blog/ar-intl-coagulation-procedure-bleeding-intl-topic-104,blog,55,currently_200_sampled_indexable_not_for_submission_until_gsc_go
https://nursenest.ca/blog/ar-intl-coagulation-procedure-bleeding-intl-topic-132,blog,55,currently_200_sampled_indexable_not_for_submission_until_gsc_go
https://nursenest.ca/blog/ar-intl-copd-exacerbation-education-intl-topic-015,blog,55,currently_200_sampled_indexable_not_for_submission_until_gsc_go
https://nursenest.ca/blog/ar-intl-copd-exacerbation-education-intl-topic-043,blog,55,currently_200_sampled_indexable_not_for_submission_until_gsc_go
https://nursenest.ca/blog/ar-intl-copd-exacerbation-education-intl-topic-071,blog,55,currently_200_sampled_indexable_not_for_submission_until_gsc_go
https://nursenest.ca/blog/ar-intl-copd-exacerbation-education-intl-topic-099,blog,55,currently_200_sampled_indexable_not_for_submission_until_gsc_go
https://nursenest.ca/blog/ar-intl-copd-exacerbation-education-intl-topic-127,blog,55,currently_200_sampled_indexable_not_for_submission_until_gsc_go
https://nursenest.ca/blog/ar-intl-dka-fluids-electrolytes-intl-topic-017,blog,55,currently_200_sampled_indexable_not_for_submission_until_gsc_go
https://nursenest.ca/blog/ar-intl-dka-fluids-electrolytes-intl-topic-045,blog,55,currently_200_sampled_indexable_not_for_submission_until_gsc_go
https://nursenest.ca/blog/ar-intl-dka-fluids-electrolytes-intl-topic-073,blog,55,currently_200_sampled_indexable_not_for_submission_until_gsc_go
https://nursenest.ca/blog/ar-intl-dka-fluids-electrolytes-intl-topic-101,blog,55,currently_200_sampled_indexable_not_for_submission_until_gsc_go
https://nursenest.ca/blog/ar-intl-dka-fluids-electrolytes-intl-topic-129,blog,55,currently_200_sampled_indexable_not_for_submission_until_gsc_go
https://nursenest.ca/blog/ar-intl-early-postop-drain-pain-mobility-intl-topic-022,blog,55,currently_200_sampled_indexable_not_for_submission_until_gsc_go
https://nursenest.ca/blog/ar-intl-early-postop-drain-pain-mobility-intl-topic-050,blog,55,currently_200_sampled_indexable_not_for_submission_until_gsc_go
https://nursenest.ca/blog/ar-intl-early-postop-drain-pain-mobility-intl-topic-078,blog,55,currently_200_sampled_indexable_not_for_submission_until_gsc_go
https://nursenest.ca/blog/ar-intl-early-postop-drain-pain-mobility-intl-topic-106,blog,55,currently_200_sampled_indexable_not_for_submission_until_gsc_go
https://nursenest.ca/blog/ar-intl-early-postop-drain-pain-mobility-intl-topic-134,blog,55,currently_200_sampled_indexable_not_for_submission_until_gsc_go
https://nursenest.ca/blog/ar-intl-electrolyte-k-safety-intl-topic-002,blog,55,currently_200_sampled_indexable_not_for_submission_until_gsc_go
https://nursenest.ca/blog/ar-intl-electrolyte-k-safety-intl-topic-030,blog,55,currently_200_sampled_indexable_not_for_submission_until_gsc_go
https://nursenest.ca/blog/ar-intl-electrolyte-k-safety-intl-topic-058,blog,55,currently_200_sampled_indexable_not_for_submission_until_gsc_go
https://nursenest.ca/blog/ar-intl-electrolyte-k-safety-intl-topic-086,blog,55,currently_200_sampled_indexable_not_for_submission_until_gsc_go
https://nursenest.ca/blog/ar-intl-electrolyte-k-safety-intl-topic-114,blog,55,currently_200_sampled_indexable_not_for_submission_until_gsc_go
https://nursenest.ca/blog/ar-intl-emergency-mental-health-safety-intl-topic-028,blog,55,currently_200_sampled_indexable_not_for_submission_until_gsc_go
https://nursenest.ca/blog/ar-intl-emergency-mental-health-safety-intl-topic-056,blog,55,currently_200_sampled_indexable_not_for_submission_until_gsc_go
https://nursenest.ca/blog/ar-intl-emergency-mental-health-safety-intl-topic-084,blog,55,currently_200_sampled_indexable_not_for_submission_until_gsc_go
https://nursenest.ca/blog/ar-intl-emergency-mental-health-safety-intl-topic-140,blog,55,currently_200_sampled_indexable_not_for_submission_until_gsc_go
https://nursenest.ca/blog/ar-intl-hemorrhagic-shock-resuscitation-intl-topic-009,blog,55,currently_200_sampled_indexable_not_for_submission_until_gsc_go
https://nursenest.ca/blog/ar-intl-hemorrhagic-shock-resuscitation-intl-topic-037,blog,55,currently_200_sampled_indexable_not_for_submission_until_gsc_go
https://nursenest.ca/blog/ar-intl-hemorrhagic-shock-resuscitation-intl-topic-065,blog,55,currently_200_sampled_indexable_not_for_submission_until_gsc_go
https://nursenest.ca/blog/ar-intl-hemorrhagic-shock-resuscitation-intl-topic-093,blog,55,currently_200_sampled_indexable_not_for_submission_until_gsc_go
https://nursenest.ca/blog/ar-intl-hemorrhagic-shock-resuscitation-intl-topic-121,blog,55,currently_200_sampled_indexable_not_for_submission_until_gsc_go
https://nursenest.ca/blog/ar-intl-hydroelectrolyte-na-ca-mg-intl-topic-026,blog,55,currently_200_sampled_indexable_not_for_submission_until_gsc_go
https://nursenest.ca/blog/ar-intl-hydroelectrolyte-na-ca-mg-intl-topic-054,blog,55,currently_200_sampled_indexable_not_for_submission_until_gsc_go
https://nursenest.ca/blog/ar-intl-hydroelectrolyte-na-ca-mg-intl-topic-082,blog,55,currently_200_sampled_indexable_not_for_submission_until_gsc_go
https://nursenest.ca/blog/ar-intl-hydroelectrolyte-na-ca-mg-intl-topic-110,blog,55,currently_200_sampled_indexable_not_for_submission_until_gsc_go
https://nursenest.ca/blog/ar-intl-hydroelectrolyte-na-ca-mg-intl-topic-138,blog,55,currently_200_sampled_indexable_not_for_submission_until_gsc_go
https://nursenest.ca/blog/ar-intl-hypoglycemia-falls-intl-topic-003,blog,55,currently_200_sampled_indexable_not_for_submission_until_gsc_go
https://nursenest.ca/blog/ar-intl-hypoglycemia-falls-intl-topic-031,blog,55,currently_200_sampled_indexable_not_for_submission_until_gsc_go
https://nursenest.ca/blog/ar-intl-hypoglycemia-falls-intl-topic-059,blog,55,currently_200_sampled_indexable_not_for_submission_until_gsc_go
https://nursenest.ca/blog/ar-intl-hypoglycemia-falls-intl-topic-087,blog,55,currently_200_sampled_indexable_not_for_submission_until_gsc_go
https://nursenest.ca/blog/ar-intl-hypoglycemia-falls-intl-topic-115,blog,55,currently_200_sampled_indexable_not_for_submission_until_gsc_go
https://nursenest.ca/blog/ar-intl-liver-encephalopathy-safety-intl-topic-019,blog,55,currently_200_sampled_indexable_not_for_submission_until_gsc_go
https://nursenest.ca/blog/ar-intl-liver-encephalopathy-safety-intl-topic-047,blog,55,currently_200_sampled_indexable_not_for_submission_until_gsc_go
https://nursenest.ca/blog/ar-intl-liver-encephalopathy-safety-intl-topic-075,blog,55,currently_200_sampled_indexable_not_for_submission_until_gsc_go
https://nursenest.ca/blog/ar-intl-liver-encephalopathy-safety-intl-topic-103,blog,55,currently_200_sampled_indexable_not_for_submission_until_gsc_go
https://nursenest.ca/blog/ar-intl-liver-encephalopathy-safety-intl-topic-131,blog,55,currently_200_sampled_indexable_not_for_submission_until_gsc_go
https://nursenest.ca/blog/ar-intl-nephrotic-edema-monitoring-intl-topic-018,blog,55,currently_200_sampled_indexable_not_for_submission_until_gsc_go
https://nursenest.ca/blog/ar-intl-nephrotic-edema-monitoring-intl-topic-046,blog,55,currently_200_sampled_indexable_not_for_submission_until_gsc_go
https://nursenest.ca/blog/ar-intl-nephrotic-edema-monitoring-intl-topic-074,blog,55,currently_200_sampled_indexable_not_for_submission_until_gsc_go
https://nursenest.ca/blog/ar-intl-nephrotic-edema-monitoring-intl-topic-130,blog,55,currently_200_sampled_indexable_not_for_submission_until_gsc_go
https://nursenest.ca/blog/ar-intl-neuro-deficit-abc-intl-topic-004,blog,55,currently_200_sampled_indexable_not_for_submission_until_gsc_go
https://nursenest.ca/blog/ar-intl-neuro-deficit-abc-intl-topic-032,blog,55,currently_200_sampled_indexable_not_for_submission_until_gsc_go
https://nursenest.ca/blog/ar-intl-neuro-deficit-abc-intl-topic-060,blog,55,currently_200_sampled_indexable_not_for_submission_until_gsc_go
https://nursenest.ca/blog/ar-intl-neuro-deficit-abc-intl-topic-088,blog,55,currently_200_sampled_indexable_not_for_submission_until_gsc_go
https://nursenest.ca/blog/ar-intl-pregnancy-preeclampsia-warnings-intl-topic-021,blog,55,currently_200_sampled_indexable_not_for_submission_until_gsc_go
https://nursenest.ca/blog/ar-intl-pregnancy-preeclampsia-warnings-intl-topic-049,blog,55,currently_200_sampled_indexable_not_for_submission_until_gsc_go
https://nursenest.ca/blog/ar-intl-pregnancy-preeclampsia-warnings-intl-topic-105,blog,55,currently_200_sampled_indexable_not_for_submission_until_gsc_go
https://nursenest.ca/blog/ar-intl-pressure-injury-icu-intl-topic-010,blog,55,currently_200_sampled_indexable_not_for_submission_until_gsc_go
https://nursenest.ca/blog/ar-intl-pressure-injury-icu-intl-topic-066,blog,55,currently_200_sampled_indexable_not_for_submission_until_gsc_go
https://nursenest.ca/blog/ar-intl-pressure-injury-icu-intl-topic-094,blog,55,currently_200_sampled_indexable_not_for_submission_until_gsc_go
https://nursenest.ca/blog/ar-intl-pressure-injury-icu-intl-topic-122,blog,55,currently_200_sampled_indexable_not_for_submission_until_gsc_go
https://nursenest.ca/blog/ar-intl-resp-failure-oxygen-intl-topic-006,blog,55,currently_200_sampled_indexable_not_for_submission_until_gsc_go
https://nursenest.ca/blog/ar-intl-resp-failure-oxygen-intl-topic-034,blog,55,currently_200_sampled_indexable_not_for_submission_until_gsc_go
https://nursenest.ca/blog/ar-intl-resp-failure-oxygen-intl-topic-062,blog,55,currently_200_sampled_indexable_not_for_submission_until_gsc_go
https://nursenest.ca/blog/ar-intl-resp-failure-oxygen-intl-topic-090,blog,55,currently_200_sampled_indexable_not_for_submission_until_gsc_go
https://nursenest.ca/blog/ar-intl-sepsis-early-care-intl-topic-029,blog,55,currently_200_sampled_indexable_not_for_submission_until_gsc_go
https://nursenest.ca/blog/ar-intl-sepsis-early-care-intl-topic-057,blog,55,currently_200_sampled_indexable_not_for_submission_until_gsc_go
https://nursenest.ca/blog/ar-intl-sepsis-early-care-intl-topic-085,blog,55,currently_200_sampled_indexable_not_for_submission_until_gsc_go
https://nursenest.ca/blog/ar-intl-sepsis-early-care-intl-topic-113,blog,55,currently_200_sampled_indexable_not_for_submission_until_gsc_go
https://nursenest.ca/blog/ar-intl-severe-pain-multimodal-intl-topic-011,blog,55,currently_200_sampled_indexable_not_for_submission_until_gsc_go
https://nursenest.ca/blog/ar-intl-severe-pain-multimodal-intl-topic-039,blog,55,currently_200_sampled_indexable_not_for_submission_until_gsc_go
https://nursenest.ca/blog/ar-intl-severe-pain-multimodal-intl-topic-067,blog,55,currently_200_sampled_indexable_not_for_submission_until_gsc_go
https://nursenest.ca/blog/assistive-technology-adl-basics-ot,blog,55,currently_200_sampled_indexable_not_for_submission_until_gsc_go
https://nursenest.ca/blog/copd-symptoms-treatment-nursing-care,blog,55,currently_200_sampled_indexable_not_for_submission_until_gsc_go
https://nursenest.ca/blog/ecg-p1-08-ar,blog,55,currently_200_sampled_indexable_not_for_submission_until_gsc_go
https://nursenest.ca/blog/mci-triage-ems-resource-requests-and-staging-ems,blog,55,currently_200_sampled_indexable_not_for_submission_until_gsc_go
https://nursenest.ca/blog/pt-intl-cap-severity-nursing-intl-topic-014,blog,55,currently_200_sampled_indexable_not_for_submission_until_gsc_go
https://nursenest.ca/blog/pt-intl-severe-pain-multimodal-intl-topic-039,blog,55,currently_200_sampled_indexable_not_for_submission_until_gsc_go
https://nursenest.ca/blog/rt-copd-type-ii-respiratory-failure-oxygen-infection-prevention,blog,55,currently_200_sampled_indexable_not_for_submission_until_gsc_go
https://nursenest.ca/blog/rt-inhaled-no-principles-safety-education-documentation-quality,blog,55,currently_200_sampled_indexable_not_for_submission_until_gsc_go
https://nursenest.ca/blog/tag/Pathophysiology,blog,55,currently_200_sampled_indexable_not_for_submission_until_gsc_go
https://nursenest.ca/blog/tag/pressure%20ulcer,blog,55,currently_200_sampled_indexable_not_for_submission_until_gsc_go
https://nursenest.ca/blog/tl-intl-hydroelectrolyte-na-ca-mg-intl-topic-110,blog,55,currently_200_sampled_indexable_not_for_submission_until_gsc_go
https://nursenest.ca/blog/uk-acp-pleural-effusion-assessment-positioning-and-physiotherapy-liaison-for-breathlessness,blog,55,currently_200_sampled_indexable_not_for_submission_until_gsc_go
https://nursenest.ca/adaptive-nclex-testing,public,35,currently_200_sampled_indexable_not_for_submission_until_gsc_go
https://nursenest.ca/best-nclex-prep-course,public,35,currently_200_sampled_indexable_not_for_submission_until_gsc_go
https://nursenest.ca/allied-health,pathway,30,currently_200_sampled_indexable_not_for_submission_until_gsc_go
https://nursenest.ca/allied-health/community-health-worker-exam-prep,pathway,30,currently_200_sampled_indexable_not_for_submission_until_gsc_go
https://nursenest.ca/allied-health/dental-assistant-exam-prep,pathway,30,currently_200_sampled_indexable_not_for_submission_until_gsc_go
https://nursenest.ca/allied-health/dental-hygiene-exam-prep,pathway,30,currently_200_sampled_indexable_not_for_submission_until_gsc_go
https://nursenest.ca/allied-health/dietetic-technician-exam-prep,pathway,30,currently_200_sampled_indexable_not_for_submission_until_gsc_go
https://nursenest.ca/allied-health/emt-exam-prep,pathway,30,currently_200_sampled_indexable_not_for_submission_until_gsc_go
https://nursenest.ca/allied-health/imaging-exam-prep,pathway,30,currently_200_sampled_indexable_not_for_submission_until_gsc_go
https://nursenest.ca/allied-health/imaging/blog/common-imaging-mistakes,pathway,30,currently_200_sampled_indexable_not_for_submission_until_gsc_go
https://nursenest.ca/allied-health/imaging/blog/how-to-pass-arrt-exam,pathway,30,currently_200_sampled_indexable_not_for_submission_until_gsc_go
https://nursenest.ca/allied-health/lab-assistant-exam-prep,pathway,30,currently_200_sampled_indexable_not_for_submission_until_gsc_go
https://nursenest.ca/allied-health/medical-assistant-exam-prep,pathway,30,currently_200_sampled_indexable_not_for_submission_until_gsc_go
https://nursenest.ca/allied-health/mental-health-addictions-exam-prep,pathway,30,currently_200_sampled_indexable_not_for_submission_until_gsc_go
https://nursenest.ca/allied-health/mlt-exam-prep,pathway,30,currently_200_sampled_indexable_not_for_submission_until_gsc_go
https://nursenest.ca/allied-health/mlt/blog/blood-bank-antibody-identification,pathway,30,currently_200_sampled_indexable_not_for_submission_until_gsc_go
https://nursenest.ca/allied-health/mlt/blog/blood-banking-abo-rh-typing,pathway,30,currently_200_sampled_indexable_not_for_submission_until_gsc_go
https://nursenest.ca/allied-health/mlt/blog/coagulation-cascade-mixing-studies,pathway,30,currently_200_sampled_indexable_not_for_submission_until_gsc_go
https://nursenest.ca/allied-health/mlt/blog/csmls-vs-ascp-certification-comparison,pathway,30,currently_200_sampled_indexable_not_for_submission_until_gsc_go
https://nursenest.ca/allied-health/mlt/blog/hematology-cbc-interpretation-guide,pathway,30,currently_200_sampled_indexable_not_for_submission_until_gsc_go
https://nursenest.ca/allied-health/mlt/blog/histotechnology-special-stains-guide,pathway,30,currently_200_sampled_indexable_not_for_submission_until_gsc_go
https://nursenest.ca/allied-health/mlt/blog/immunology-serology-hiv-hepatitis-testing,pathway,30,currently_200_sampled_indexable_not_for_submission_until_gsc_go
https://nursenest.ca/allied-health/mlt/blog/microbiology-gram-stain-technique,pathway,30,currently_200_sampled_indexable_not_for_submission_until_gsc_go
https://nursenest.ca/allied-health/mlt/blog/mlt-study-strategies-exam-day-tips,pathway,30,currently_200_sampled_indexable_not_for_submission_until_gsc_go
https://nursenest.ca/allied-health/mlt/blog/molecular-diagnostics-pcr-primer,pathway,30,currently_200_sampled_indexable_not_for_submission_until_gsc_go
https://nursenest.ca/allied-health/mlt/blog/quality-control-westgard-rules-explained,pathway,30,currently_200_sampled_indexable_not_for_submission_until_gsc_go
https://nursenest.ca/allied-health/mlt/blog/specimen-collection-order-of-draw,pathway,30,currently_200_sampled_indexable_not_for_submission_until_gsc_go
https://nursenest.ca/allied-health/mlt/blog/urinalysis-body-fluids-review,pathway,30,currently_200_sampled_indexable_not_for_submission_until_gsc_go
https://nursenest.ca/allied-health/occupational-therapy-exam-prep,pathway,30,currently_200_sampled_indexable_not_for_submission_until_gsc_go
https://nursenest.ca/allied-health/ota-exam-prep,pathway,30,currently_200_sampled_indexable_not_for_submission_until_gsc_go
https://nursenest.ca/allied-health/paramedic-exam-prep,pathway,30,currently_200_sampled_indexable_not_for_submission_until_gsc_go
https://nursenest.ca/allied-health/paramedic/blog/common-ems-mistakes-1,pathway,30,currently_200_sampled_indexable_not_for_submission_until_gsc_go
https://nursenest.ca/allied-health/paramedic/blog/how-to-pass-paramedic-exam-1,pathway,30,currently_200_sampled_indexable_not_for_submission_until_gsc_go
https://nursenest.ca/allied-health/pharmacy-tech-exam-prep,pathway,30,currently_200_sampled_indexable_not_for_submission_until_gsc_go
https://nursenest.ca/allied-health/physiotherapy-exam-prep,pathway,30,currently_200_sampled_indexable_not_for_submission_until_gsc_go
https://nursenest.ca/allied-health/psw-hca-exam-prep,pathway,30,currently_200_sampled_indexable_not_for_submission_until_gsc_go
https://nursenest.ca/allied-health/psychotherapy-exam-prep,pathway,30,currently_200_sampled_indexable_not_for_submission_until_gsc_go
https://nursenest.ca/allied-health/pta-exam-prep,pathway,30,currently_200_sampled_indexable_not_for_submission_until_gsc_go
https://nursenest.ca/allied-health/radiography-exam-prep,pathway,30,currently_200_sampled_indexable_not_for_submission_until_gsc_go
https://nursenest.ca/allied-health/respiratory-therapy,pathway,30,currently_200_sampled_indexable_not_for_submission_until_gsc_go
https://nursenest.ca/allied-health/respiratory-therapy/abgs,pathway,30,currently_200_sampled_indexable_not_for_submission_until_gsc_go
https://nursenest.ca/allied-health/respiratory-therapy/airway-management,pathway,30,currently_200_sampled_indexable_not_for_submission_until_gsc_go
https://nursenest.ca/allied-health/respiratory-therapy/airway-management-scenarios,pathway,30,currently_200_sampled_indexable_not_for_submission_until_gsc_go
https://nursenest.ca/allied-health/respiratory-therapy/ards-review,pathway,30,currently_200_sampled_indexable_not_for_submission_until_gsc_go
https://nursenest.ca/allied-health/respiratory-therapy/exam-prep,pathway,30,currently_200_sampled_indexable_not_for_submission_until_gsc_go
https://nursenest.ca/allied-health/respiratory-therapy/mechanical-ventilation,pathway,30,currently_200_sampled_indexable_not_for_submission_until_gsc_go
https://nursenest.ca/allied-health/respiratory-therapy/pulmonary-function-testing,pathway,30,currently_200_sampled_indexable_not_for_submission_until_gsc_go
https://nursenest.ca/allied-health/respiratory-therapy/ventilator-modes,pathway,30,currently_200_sampled_indexable_not_for_submission_until_gsc_go
https://nursenest.ca/allied-health/rrt-exam-prep,pathway,30,currently_200_sampled_indexable_not_for_submission_until_gsc_go
https://nursenest.ca/allied-health/social-work-exam-prep,pathway,30,currently_200_sampled_indexable_not_for_submission_until_gsc_go
https://nursenest.ca/allied-health/sonography-exam-prep,pathway,30,currently_200_sampled_indexable_not_for_submission_until_gsc_go
https://nursenest.ca/blog,blog,25,currently_200_sampled_indexable_not_for_submission_until_gsc_go
https://nursenest.ca/about,public,10,currently_200_sampled_indexable_not_for_submission_until_gsc_go
https://nursenest.ca/acceptable-use,public,10,currently_200_sampled_indexable_not_for_submission_until_gsc_go
https://nursenest.ca/acls-rhythms,public,10,currently_200_sampled_indexable_not_for_submission_until_gsc_go
https://nursenest.ca/advanced-ecg-nursing,public,10,currently_200_sampled_indexable_not_for_submission_until_gsc_go
https://nursenest.ca/advanced-ecg-nursing/12-lead-stemi,public,10,currently_200_sampled_indexable_not_for_submission_until_gsc_go
https://nursenest.ca/advanced-ecg-nursing/acls-rhythms,public,10,currently_200_sampled_indexable_not_for_submission_until_gsc_go
https://nursenest.ca/advanced-ecg-nursing/critical-care-ecg,public,10,currently_200_sampled_indexable_not_for_submission_until_gsc_go
https://nursenest.ca/advanced-ecg-nursing/ecg-case-simulations,public,10,currently_200_sampled_indexable_not_for_submission_until_gsc_go
https://nursenest.ca/advanced-ecg-nursing/electrolyte-ecg-changes,public,10,currently_200_sampled_indexable_not_for_submission_until_gsc_go
https://nursenest.ca/advanced-ecg-nursing/medication-induced-ecg-changes,public,10,currently_200_sampled_indexable_not_for_submission_until_gsc_go
https://nursenest.ca/advanced-ecg-nursing/pediatric-ecg,public,10,currently_200_sampled_indexable_not_for_submission_until_gsc_go
https://nursenest.ca/advanced-ecg-nursing/rhythm-practice,public,10,currently_200_sampled_indexable_not_for_submission_until_gsc_go
https://nursenest.ca/advanced-ecg-nursing/telemetry-monitoring,public,10,currently_200_sampled_indexable_not_for_submission_until_gsc_go
https://nursenest.ca/allied/allied-health,public,10,currently_200_sampled_indexable_not_for_submission_until_gsc_go
