id,title,slug,primaryKeyword,category,intentType,shortDescription,targetAudience,suggestedRelatedLessonPaths,suggestedRelatedTools,translationPriority,publicationWave,publicationRank,translationGroupId,status
1,Why Does Heart Failure Cause Pulmonary Edema? (Pathophysiology for NCLEX),nclex-seo-001-why-does-heart-failure-cause-pulmonary-edema-pathophysiology-for-nclex,why does heart failure cause pulmonary edema NCLEX,Cardiac,explanation-pathophysiology,"Links pump failure to pulmonary congestion so exam items on crackles, orthopnea, and priority make sense.","Nursing students (PN, RN), NCLEX candidates, new grads, clinical rotation students",/us/rn/nclex-rn/lessons/heart-failure-nclex-rn|/us/rn/nclex-rn/lessons/cardiac-tamponade-nclex-rn|/us/rn/nclex-rn/lessons/milrinone-nclex-rn,electrolyte-abg,high,1,1,nclex-seo-2026-001,planned
2,Why Does K+ Rise in DKA Before Insulin? (NCLEX Trap Explained),nclex-seo-002-why-does-k-rise-in-dka-before-insulin-nclex-trap-explained,why potassium increases in DKA nursing,Endocrine,explanation-pathophysiology,Explains intracellular shift and dehydration themes behind insulin and potassium safety items.,"Nursing students (PN, RN), NCLEX candidates, new grads, clinical rotation students",/us/rn/nclex-rn/lessons/dka-hhs-hyperglycemic-emergencies-gold|/us/rn/nclex-rn/lessons/fluids-electrolytes-emergencies-gold,med-math|iv-infusion|lab-values,high,1,2,nclex-seo-2026-002,planned
3,Why Does SIADH Cause Hyponatremia but “Wet” on Exam Questions?,nclex-seo-003-why-does-siadh-cause-hyponatremia-but-wet-on-exam-questions,why SIADH causes hyponatremia NCLEX,Endocrine,explanation-pathophysiology,"Connects ADH, water retention, and sodium dilution to fluid priority answers.","Nursing students (PN, RN), NCLEX candidates, new grads, clinical rotation students",/us/rn/nclex-rn/lessons/fluids-electrolytes-emergencies-gold,lab-values|electrolyte-abg,high,1,3,nclex-seo-2026-003,planned
4,Why Does Left-Sided HF Show Crackles Before Peripheral Edema?,nclex-seo-004-why-does-left-sided-hf-show-crackles-before-peripheral-edema,left sided heart failure pulmonary edema why,Cardiac,explanation-pathophysiology,Separates pulmonary congestion patterns from systemic congestion for L vs R failure stems.,"Nursing students (PN, RN), NCLEX candidates, new grads, clinical rotation students",/us/rn/nclex-rn/lessons/heart-failure-nclex-rn|/us/rn/nclex-rn/lessons/cardiac-tamponade-nclex-rn|/us/rn/nclex-rn/lessons/milrinone-nclex-rn,electrolyte-abg,high,1,4,nclex-seo-2026-004,planned
5,Why Does Hypoalbuminemia Cause Edema? (Fluid Shifts NCLEX),nclex-seo-005-why-does-hypoalbuminemia-cause-edema-fluid-shifts-nclex,why low albumin causes edema nursing,Med-Surg,explanation-pathophysiology,Oncotic pressure logic for edema and third-spacing questions.,"Nursing students (PN, RN), NCLEX candidates, new grads, clinical rotation students",/us/rn/nclex-rn/lessons/sepsis-nclex-rn|/us/rn/nclex-rn/lessons/pulmonary-embolism-nclex-rn|/us/rn/nclex-rn/lessons/ards-nclex-rn,lab-values|electrolyte-abg,high,1,5,nclex-seo-2026-005,planned
6,Why Does Fever Tachycardia Happen in Sepsis (Not “Just Anxiety”)?,nclex-seo-006-why-does-fever-tachycardia-happen-in-sepsis-not-just-anxiety,why tachycardia in sepsis nursing,Med-Surg,explanation-pathophysiology,Inflammation and perfusion framing for early recognition items.,"Nursing students (PN, RN), NCLEX candidates, new grads, clinical rotation students",/us/rn/nclex-rn/lessons/sepsis-nclex-rn|/us/rn/nclex-rn/lessons/pulmonary-embolism-nclex-rn|/us/rn/nclex-rn/lessons/ards-nclex-rn,lab-values|electrolyte-abg,high,1,6,nclex-seo-2026-006,planned
7,Why Does Hyperventilation Lower CO2 on the ABG (Quick NCLEX Logic)?,nclex-seo-007-why-does-hyperventilation-lower-co2-on-the-abg-quick-nclex-logic,why hyperventilation decreases CO2 ABG,Respiratory,explanation-pathophysiology,Minute ventilation and acid-base ties for ABG interpretation drills.,"Nursing students (PN, RN), NCLEX candidates, new grads, clinical rotation students",/us/rn/nclex-rn/lessons/positive-pressure-ventilation-nclex-rn|/us/rn/nclex-rn/lessons/chest-tubes-nclex-rn,electrolyte-abg,high,1,7,nclex-seo-2026-007,planned
8,Why Does COPD Sometimes Show High CO2 While “Satting OK”?,nclex-seo-008-why-does-copd-sometimes-show-high-co2-while-satting-ok,why COPD retain CO2 oxygen saturation,Respiratory,explanation-pathophysiology,Ventilation and oxygenation mismatch for respiratory exam traps.,"Nursing students (PN, RN), NCLEX candidates, new grads, clinical rotation students",/us/rn/nclex-rn/lessons/positive-pressure-ventilation-nclex-rn|/us/rn/nclex-rn/lessons/chest-tubes-nclex-rn,electrolyte-abg,high,1,8,nclex-seo-2026-008,planned
9,Why Does Digoxin Toxicity Cause Vision Changes and Bradycardia?,nclex-seo-009-why-does-digoxin-toxicity-cause-vision-changes-and-bradycardia,why digoxin toxicity symptoms nursing,Pharmacology,explanation-pathophysiology,Mechanism-linked assessment for polypharmacy and hold-parameter stems.,"Nursing students (PN, RN), NCLEX candidates, new grads, clinical rotation students",/us/rn/nclex-rn/lessons/digoxin-nclex-rn|/us/rn/nclex-rn/lessons/heparin-and-aptt-monitoring-nclex-rn|/us/rn/nclex-rn/lessons/ace-inhibitors-nclex-rn,med-math|iv-infusion,high,1,9,nclex-seo-2026-009,planned
10,Why Does Mannitol Lower ICP but Risk Fluid/Electrolyte Chaos?,nclex-seo-010-why-does-mannitol-lower-icp-but-risk-fluidelectrolyte-chaos,why mannitol for increased intracranial pressure nursing,Neuro,explanation-pathophysiology,Osmotic diuresis and monitoring priorities for neuro scenarios.,"Nursing students (PN, RN), NCLEX candidates, new grads, clinical rotation students",/us/rn/nclex-rn/lessons/abnormal-neurological-assessment-findings-nclex-rn|/us/rn/nclex-rn/lessons/memantine-nclex-rn,lab-values,high,1,10,nclex-seo-2026-010,planned
11,Why Does TPN Increase Infection Risk (Besides the Line)?,nclex-seo-011-why-does-tpn-increase-infection-risk-besides-the-line,why TPN infection risk nursing,Med-Surg,explanation-pathophysiology,"Line care, glucose, and immune context for infection control items.","Nursing students (PN, RN), NCLEX candidates, new grads, clinical rotation students",/us/rn/nclex-rn/lessons/sepsis-nclex-rn|/us/rn/nclex-rn/lessons/pulmonary-embolism-nclex-rn|/us/rn/nclex-rn/lessons/ards-nclex-rn,lab-values|electrolyte-abg,high,2,11,nclex-seo-2026-011,planned
12,Why Does Acute Kidney Injury Raise Potassium Fast?,nclex-seo-012-why-does-acute-kidney-injury-raise-potassium-fast,why AKI causes hyperkalemia nursing,Med-Surg,explanation-pathophysiology,Renal excretion failure and emergent rhythm implications.,"Nursing students (PN, RN), NCLEX candidates, new grads, clinical rotation students",/us/rn/nclex-rn/lessons/sepsis-nclex-rn|/us/rn/nclex-rn/lessons/pulmonary-embolism-nclex-rn|/us/rn/nclex-rn/lessons/ards-nclex-rn,lab-values|electrolyte-abg,high,2,12,nclex-seo-2026-012,planned
13,Why Does Liver Failure Cause Bleeding and Low Platelets?,nclex-seo-013-why-does-liver-failure-cause-bleeding-and-low-platelets,why liver failure bleeding nursing coagulation,Med-Surg,explanation-pathophysiology,Clotting and portal themes for bleed-risk teaching questions.,"Nursing students (PN, RN), NCLEX candidates, new grads, clinical rotation students",/us/rn/nclex-rn/lessons/sepsis-nclex-rn|/us/rn/nclex-rn/lessons/pulmonary-embolism-nclex-rn|/us/rn/nclex-rn/lessons/ards-nclex-rn,lab-values|electrolyte-abg,high,2,13,nclex-seo-2026-013,planned
14,Why Does Pregnancy Lower Blood Pressure Early but Raise Risk Later?,nclex-seo-014-why-does-pregnancy-lower-blood-pressure-early-but-raise-risk-later,why blood pressure changes pregnancy nursing,OB/Maternity,explanation-pathophysiology,Physiology vs preeclampsia cues on timelines.,"Nursing students (PN, RN), NCLEX candidates, new grads, clinical rotation students",/us/rn/nclex-rn/lessons/oxytocin-nclex-rn,lab-values,high,2,14,nclex-seo-2026-014,planned
15,Why Does Insulin Drop K+ Even When You’re Treating Hyperglycemia?,nclex-seo-015-why-does-insulin-drop-k-even-when-youre-treating-hyperglycemia,why insulin lowers potassium nursing,Endocrine,explanation-pathophysiology,Shift mechanism for DKA and infusion safety.,"Nursing students (PN, RN), NCLEX candidates, new grads, clinical rotation students",/us/rn/nclex-rn/lessons/metformin-nclex-rn|/us/rn/nclex-rn/lessons/newborn-hypoglycemia-nclex-rn,med-math|iv-infusion|lab-values,high,2,15,nclex-seo-2026-015,planned
16,Why Does Sympathetic Surge Raise Blood Sugar in Stress and Shock?,nclex-seo-016-why-does-sympathetic-surge-raise-blood-sugar-in-stress-and-shock,why stress increases blood glucose nursing,Endocrine,explanation-pathophysiology,Stress hyperglycemia in acute illness stems.,"Nursing students (PN, RN), NCLEX candidates, new grads, clinical rotation students",/us/rn/nclex-rn/lessons/metformin-nclex-rn|/us/rn/nclex-rn/lessons/newborn-hypoglycemia-nclex-rn,med-math|iv-infusion|lab-values,high,2,16,nclex-seo-2026-016,planned
17,Why Does Bed Rest Increase DVT Risk (Even With “Stable” Vitals)?,nclex-seo-017-why-does-bed-rest-increase-dvt-risk-even-with-stable-vitals,why immobility causes DVT nursing,Med-Surg,explanation-pathophysiology,Stasis and Virchow framing for prevention items.,"Nursing students (PN, RN), NCLEX candidates, new grads, clinical rotation students",/us/rn/nclex-rn/lessons/sepsis-nclex-rn|/us/rn/nclex-rn/lessons/pulmonary-embolism-nclex-rn|/us/rn/nclex-rn/lessons/ards-nclex-rn,lab-values|electrolyte-abg,high,2,17,nclex-seo-2026-017,planned
18,Why Does Dialysis Cause Cramping and Hypotension Mid-Treatment?,nclex-seo-018-why-does-dialysis-cause-cramping-and-hypotension-mid-treatment,why muscle cramps during dialysis nursing,Med-Surg,explanation-pathophysiology,Fluid shift and electrolyte themes for HD scenarios.,"Nursing students (PN, RN), NCLEX candidates, new grads, clinical rotation students",/us/rn/nclex-rn/lessons/sepsis-nclex-rn|/us/rn/nclex-rn/lessons/pulmonary-embolism-nclex-rn|/us/rn/nclex-rn/lessons/ards-nclex-rn,lab-values|electrolyte-abg,high,2,18,nclex-seo-2026-018,planned
19,Why Does SSRI Withdrawal Feel Like “Brain Zaps” (Patient Teaching)?,nclex-seo-019-why-does-ssri-withdrawal-feel-like-brain-zaps-patient-teaching,SSRI discontinuation syndrome nursing explained,Mental Health,explanation-pathophysiology,Safe taper and symptom reporting for psych med teaching.,"Nursing students (PN, RN), NCLEX candidates, new grads, clinical rotation students",/us/rn/nclex-rn/lessons/neuroleptic-malignant-syndrome-nclex-rn|/us/rn/nclex-rn/lessons/ziprasidone-and-qt-prolongation-nclex-rn,lab-values,high,2,19,nclex-seo-2026-019,planned
20,Why Does Fever Spike After Blood Transfusion (Not Always “Allergic”)?,nclex-seo-020-why-does-fever-spike-after-blood-transfusion-not-always-allergic,febrile nonhemolytic transfusion reaction why nursing,Med-Surg,explanation-pathophysiology,"Reaction-type differentiation for stop, notify, monitor paths.","Nursing students (PN, RN), NCLEX candidates, new grads, clinical rotation students",/us/rn/nclex-rn/lessons/sepsis-nclex-rn|/us/rn/nclex-rn/lessons/pulmonary-embolism-nclex-rn|/us/rn/nclex-rn/lessons/ards-nclex-rn,lab-values|electrolyte-abg,high,2,20,nclex-seo-2026-020,planned
21,NCLEX Practice Questions: Acute Kidney Injury (With Rationales),nclex-seo-021-nclex-practice-questions-acute-kidney-injury-with-rationales,NCLEX practice questions acute kidney injury with answers,Med-Surg,practice-exam-prep,Scenario AKI items with rationales focused on labs and priority.,"Nursing students (PN, RN), NCLEX candidates, new grads, clinical rotation students",/us/rn/nclex-rn/lessons/sepsis-nclex-rn|/us/rn/nclex-rn/lessons/pulmonary-embolism-nclex-rn|/us/rn/nclex-rn/lessons/ards-nclex-rn,lab-values|electrolyte-abg,high,2,21,nclex-seo-2026-021,planned
22,NCLEX Questions About Pulmonary Embolism (Practice + Answers),nclex-seo-022-nclex-questions-about-pulmonary-embolism-practice-answers,NCLEX questions about pulmonary embolism practice,Respiratory,practice-exam-prep,"O2, anticoagulation safety, instability patterns with explained answers.","Nursing students (PN, RN), NCLEX candidates, new grads, clinical rotation students",/us/rn/nclex-rn/lessons/positive-pressure-ventilation-nclex-rn|/us/rn/nclex-rn/lessons/chest-tubes-nclex-rn,electrolyte-abg,high,2,22,nclex-seo-2026-022,planned
23,NCLEX Practice Questions: Heart Failure Exacerbation (With Rationales),nclex-seo-023-nclex-practice-questions-heart-failure-exacerbation-with-rationales,NCLEX heart failure exacerbation practice questions,Cardiac,practice-exam-prep,"Diuretics, weights, and escalation teaching in item form.","Nursing students (PN, RN), NCLEX candidates, new grads, clinical rotation students",/us/rn/nclex-rn/lessons/heart-failure-nclex-rn|/us/rn/nclex-rn/lessons/cardiac-tamponade-nclex-rn|/us/rn/nclex-rn/lessons/milrinone-nclex-rn,electrolyte-abg,high,2,23,nclex-seo-2026-023,planned
24,NCLEX Questions on Digoxin Toxicity (Practice Items + Answers),nclex-seo-024-nclex-questions-on-digoxin-toxicity-practice-items-answers,NCLEX digoxin toxicity practice questions,Pharmacology,practice-exam-prep,Classic assessment traps with hold and lab rationales.,"Nursing students (PN, RN), NCLEX candidates, new grads, clinical rotation students",/us/rn/nclex-rn/lessons/digoxin-nclex-rn|/us/rn/nclex-rn/lessons/heparin-and-aptt-monitoring-nclex-rn|/us/rn/nclex-rn/lessons/ace-inhibitors-nclex-rn,med-math|iv-infusion,high,2,24,nclex-seo-2026-024,planned
25,NCLEX Practice Questions: DKA vs HHS Clues (With Answers),nclex-seo-025-nclex-practice-questions-dka-vs-hhs-clues-with-answers,NCLEX DKA vs HHS practice questions,Endocrine,practice-exam-prep,Side-by-side recognition drills before memorizing cutoffs.,"Nursing students (PN, RN), NCLEX candidates, new grads, clinical rotation students",/us/rn/nclex-rn/lessons/metformin-nclex-rn|/us/rn/nclex-rn/lessons/newborn-hypoglycemia-nclex-rn,med-math|iv-infusion|lab-values,high,2,25,nclex-seo-2026-025,planned
26,NCLEX Questions About SIADH vs Diabetes Insipidus (Practice + Rationales),nclex-seo-026-nclex-questions-about-siadh-vs-diabetes-insipidus-practice-rationales,NCLEX SIADH vs diabetes insipidus questions,Endocrine,practice-exam-prep,Sodium and urine concentration patterns with wrong-answer review.,"Nursing students (PN, RN), NCLEX candidates, new grads, clinical rotation students",/us/rn/nclex-rn/lessons/metformin-nclex-rn|/us/rn/nclex-rn/lessons/newborn-hypoglycemia-nclex-rn,med-math|iv-infusion|lab-values,high,2,26,nclex-seo-2026-026,planned
27,NCLEX Practice Questions: Sepsis Recognition (With Answers),nclex-seo-027-nclex-practice-questions-sepsis-recognition-with-answers,NCLEX sepsis practice questions with rationales,Med-Surg,practice-exam-prep,Escalation vs distractor tasks for recognition stems.,"Nursing students (PN, RN), NCLEX candidates, new grads, clinical rotation students",/us/rn/nclex-rn/lessons/sepsis-nclex-rn|/us/rn/nclex-rn/lessons/pulmonary-embolism-nclex-rn|/us/rn/nclex-rn/lessons/ards-nclex-rn,lab-values|electrolyte-abg,high,2,27,nclex-seo-2026-027,planned
28,NCLEX Questions About Pressure Injuries Staging (Practice + Answers),nclex-seo-028-nclex-questions-about-pressure-injuries-staging-practice-answers,NCLEX pressure injury staging practice questions,Nursing Skills,practice-exam-prep,Staging scenarios with documentation and prevention.,"Nursing students (PN, RN), NCLEX candidates, new grads, clinical rotation students",/us/rn/nclex-rn/lessons/chest-tubes-nclex-rn,lab-values,high,2,28,nclex-seo-2026-028,planned
29,NCLEX Practice Questions: Post-Op Fever Causes (With Rationales),nclex-seo-029-nclex-practice-questions-post-op-fever-causes-with-rationales,NCLEX postoperative fever practice questions,Med-Surg,practice-exam-prep,Timing-based differential for prioritization drills.,"Nursing students (PN, RN), NCLEX candidates, new grads, clinical rotation students",/us/rn/nclex-rn/lessons/sepsis-nclex-rn|/us/rn/nclex-rn/lessons/pulmonary-embolism-nclex-rn|/us/rn/nclex-rn/lessons/ards-nclex-rn,lab-values|electrolyte-abg,high,2,29,nclex-seo-2026-029,planned
30,NCLEX Questions on Anticoagulation Teaching (Warfarin vs DOAC Themes),nclex-seo-030-nclex-questions-on-anticoagulation-teaching-warfarin-vs-doac-themes,NCLEX anticoagulation teaching questions,Pharmacology,practice-exam-prep,Bleeding precautions and follow-up teaching in MCQ form.,"Nursing students (PN, RN), NCLEX candidates, new grads, clinical rotation students",/us/rn/nclex-rn/lessons/digoxin-nclex-rn|/us/rn/nclex-rn/lessons/heparin-and-aptt-monitoring-nclex-rn|/us/rn/nclex-rn/lessons/ace-inhibitors-nclex-rn,med-math|iv-infusion,high,2,30,nclex-seo-2026-030,planned
31,NCLEX Practice Questions: Pediatric Dehydration (With Answers),nclex-seo-031-nclex-practice-questions-pediatric-dehydration-with-answers,NCLEX pediatric dehydration practice questions,Pediatrics,practice-exam-prep,Clinical dehydration cues and therapy priorities for PN/RN.,"Nursing students (PN, RN), NCLEX candidates, new grads, clinical rotation students",/us/rn/nclex-rn/lessons/bronchiolitis-and-rsv-nclex-rn|/us/rn/nclex-rn/lessons/febrile-seizures-nclex-rn|/us/rn/nclex-rn/lessons/newborn-hypoglycemia-nclex-rn,lab-values,high,3,31,nclex-seo-2026-031,planned
32,NCLEX Questions About Preeclampsia vs Gestational Hypertension,nclex-seo-032-nclex-questions-about-preeclampsia-vs-gestational-hypertension,NCLEX preeclampsia practice questions,OB/Maternity,practice-exam-prep,Proteinuria and BP thresholds in scenario form.,"Nursing students (PN, RN), NCLEX candidates, new grads, clinical rotation students",/us/rn/nclex-rn/lessons/oxytocin-nclex-rn,lab-values,high,3,32,nclex-seo-2026-032,planned
33,NCLEX Practice Questions: Suicide Risk Assessment (With Rationales),nclex-seo-033-nclex-practice-questions-suicide-risk-assessment-with-rationales,NCLEX suicide risk assessment practice questions,Mental Health,practice-exam-prep,Safety planning and scope-appropriate nursing actions.,"Nursing students (PN, RN), NCLEX candidates, new grads, clinical rotation students",/us/rn/nclex-rn/lessons/neuroleptic-malignant-syndrome-nclex-rn|/us/rn/nclex-rn/lessons/ziprasidone-and-qt-prolongation-nclex-rn,lab-values,high,3,33,nclex-seo-2026-033,planned
34,NCLEX Questions on Restraint Use and Alternatives (Practice + Answers),nclex-seo-034-nclex-questions-on-restraint-use-and-alternatives-practice-answers,NCLEX restraint use nursing questions,Mental Health,practice-exam-prep,Legal and ethical guardrails with frequent distractors explained.,"Nursing students (PN, RN), NCLEX candidates, new grads, clinical rotation students",/us/rn/nclex-rn/lessons/neuroleptic-malignant-syndrome-nclex-rn|/us/rn/nclex-rn/lessons/ziprasidone-and-qt-prolongation-nclex-rn,lab-values,high,3,34,nclex-seo-2026-034,planned
35,NCLEX Practice Questions: IV Infiltration vs Phlebitis,nclex-seo-035-nclex-practice-questions-iv-infiltration-vs-phlebitis,NCLEX IV complications practice questions,Nursing Skills,practice-exam-prep,Site assessment and escalation versus watch-and-wait.,"Nursing students (PN, RN), NCLEX candidates, new grads, clinical rotation students",/us/rn/nclex-rn/lessons/chest-tubes-nclex-rn,lab-values,high,3,35,nclex-seo-2026-035,planned
36,NCLEX Questions About Chest Tube Air Leaks (With Rationales),nclex-seo-036-nclex-questions-about-chest-tube-air-leaks-with-rationales,NCLEX chest tube nursing questions,Respiratory,practice-exam-prep,"Bubbling, suction, and escalation in acute care stems.","Nursing students (PN, RN), NCLEX candidates, new grads, clinical rotation students",/us/rn/nclex-rn/lessons/positive-pressure-ventilation-nclex-rn|/us/rn/nclex-rn/lessons/chest-tubes-nclex-rn,electrolyte-abg,high,3,36,nclex-seo-2026-036,planned
37,NCLEX Practice Questions: Wound Infection Signs (With Answers),nclex-seo-037-nclex-practice-questions-wound-infection-signs-with-answers,NCLEX wound infection practice questions,Nursing Skills,practice-exam-prep,"Erythema, drainage, fever combos with culture priorities.","Nursing students (PN, RN), NCLEX candidates, new grads, clinical rotation students",/us/rn/nclex-rn/lessons/chest-tubes-nclex-rn,lab-values,high,3,37,nclex-seo-2026-037,planned
38,NCLEX Questions About Insulin Mixing and Timing (Practice + Rationales),nclex-seo-038-nclex-questions-about-insulin-mixing-and-timing-practice-rationales,NCLEX insulin administration practice questions,Pharmacology,practice-exam-prep,Draw order and meal timing traps in items.,"Nursing students (PN, RN), NCLEX candidates, new grads, clinical rotation students",/us/rn/nclex-rn/lessons/digoxin-nclex-rn|/us/rn/nclex-rn/lessons/heparin-and-aptt-monitoring-nclex-rn|/us/rn/nclex-rn/lessons/ace-inhibitors-nclex-rn,med-math|iv-infusion,high,3,38,nclex-seo-2026-038,planned
39,NCLEX Practice Questions: Stroke NIHSS/Neuro Checks (Simplified for RN),nclex-seo-039-nclex-practice-questions-stroke-nihssneuro-checks-simplified-for-rn,NCLEX stroke assessment practice questions,Neuro,practice-exam-prep,Sudden deficits and escalation without over-testing detail.,"Nursing students (PN, RN), NCLEX candidates, new grads, clinical rotation students",/us/rn/nclex-rn/lessons/abnormal-neurological-assessment-findings-nclex-rn|/us/rn/nclex-rn/lessons/memantine-nclex-rn,lab-values,high,3,39,nclex-seo-2026-039,planned
40,NCLEX Practice Questions: Catheter-Associated UTI Prevention,nclex-seo-040-nclex-practice-questions-catheter-associated-uti-prevention,NCLEX CAUTI prevention practice questions,Med-Surg,practice-exam-prep,"Indication, maintenance, removal timing with infection control rationales.","Nursing students (PN, RN), NCLEX candidates, new grads, clinical rotation students",/us/rn/nclex-rn/lessons/sepsis-nclex-rn|/us/rn/nclex-rn/lessons/pulmonary-embolism-nclex-rn|/us/rn/nclex-rn/lessons/ards-nclex-rn,lab-values|electrolyte-abg,high,3,40,nclex-seo-2026-040,planned
41,Gastric vs Duodenal Ulcer Pain: What’s the Difference for NCLEX?,nclex-seo-041-gastric-vs-duodenal-ulcer-pain-whats-the-difference-for-nclex,gastric vs duodenal ulcer nursing difference NCLEX,Med-Surg,comparison,Timing and food-relief patterns for “which statement fits” items.,"Nursing students (PN, RN), NCLEX candidates, new grads, clinical rotation students",/us/rn/nclex-rn/lessons/sepsis-nclex-rn|/us/rn/nclex-rn/lessons/pulmonary-embolism-nclex-rn|/us/rn/nclex-rn/lessons/ards-nclex-rn,lab-values|electrolyte-abg,medium,3,41,nclex-seo-2026-041,planned
42,"COPD vs Asthma on the NCLEX: Overlap, Clues, and Wrong Answers",nclex-seo-042-copd-vs-asthma-on-the-nclex-overlap-clues-and-wrong-answers,COPD vs asthma NCLEX comparison,Respiratory,comparison,Reversible versus chronic framing with exacerbation priorities.,"Nursing students (PN, RN), NCLEX candidates, new grads, clinical rotation students",/us/rn/nclex-rn/lessons/positive-pressure-ventilation-nclex-rn|/us/rn/nclex-rn/lessons/chest-tubes-nclex-rn,electrolyte-abg,medium,3,42,nclex-seo-2026-042,planned
43,Hypovolemic vs Cardiogenic Shock: How to Tell Fast on an Exam Stem,nclex-seo-043-hypovolemic-vs-cardiogenic-shock-how-to-tell-fast-on-an-exam-stem,hypovolemic vs cardiogenic shock nursing difference,Cardiac,comparison,Preload and clinical picture cues for fluid versus inotrope thinking.,"Nursing students (PN, RN), NCLEX candidates, new grads, clinical rotation students",/us/rn/nclex-rn/lessons/heart-failure-nclex-rn|/us/rn/nclex-rn/lessons/cardiac-tamponade-nclex-rn|/us/rn/nclex-rn/lessons/milrinone-nclex-rn,electrolyte-abg,medium,3,43,nclex-seo-2026-043,planned
44,Arterial vs Venous Ulcers: Bedside Clues NCLEX Loves,nclex-seo-044-arterial-vs-venous-ulcers-bedside-clues-nclex-loves,arterial vs venous ulcer nursing comparison,Med-Surg,comparison,"Location, pulses, pain patterns without relying on photos.","Nursing students (PN, RN), NCLEX candidates, new grads, clinical rotation students",/us/rn/nclex-rn/lessons/sepsis-nclex-rn|/us/rn/nclex-rn/lessons/pulmonary-embolism-nclex-rn|/us/rn/nclex-rn/lessons/ards-nclex-rn,lab-values|electrolyte-abg,medium,3,44,nclex-seo-2026-044,planned
45,Crohn’s Disease vs UC: NCLEX Comparison (Complications + Teaching),nclex-seo-045-crohns-disease-vs-uc-nclex-comparison-complications-teaching,Crohn's vs ulcerative colitis NCLEX nursing,Med-Surg,comparison,"Distribution, stool patterns, and surgery risk themes.","Nursing students (PN, RN), NCLEX candidates, new grads, clinical rotation students",/us/rn/nclex-rn/lessons/sepsis-nclex-rn|/us/rn/nclex-rn/lessons/pulmonary-embolism-nclex-rn|/us/rn/nclex-rn/lessons/ards-nclex-rn,lab-values|electrolyte-abg,medium,3,45,nclex-seo-2026-045,planned
46,Rheumatic Fever vs Kawasaki in Kids: Comparison for PN/RN Exams,nclex-seo-046-rheumatic-fever-vs-kawasaki-in-kids-comparison-for-pnrn-exams,Kawasaki vs rheumatic fever nursing comparison,Pediatrics,comparison,"Fever duration, criteria mnemonics, and priority actions.","Nursing students (PN, RN), NCLEX candidates, new grads, clinical rotation students",/us/rn/nclex-rn/lessons/bronchiolitis-and-rsv-nclex-rn|/us/rn/nclex-rn/lessons/febrile-seizures-nclex-rn|/us/rn/nclex-rn/lessons/newborn-hypoglycemia-nclex-rn,lab-values,medium,3,46,nclex-seo-2026-046,planned
47,Placenta Previa vs Abruptio Placentae: OB Emergency Differentiation,nclex-seo-047-placenta-previa-vs-abruptio-placentae-ob-emergency-differentiation,placenta previa vs abruptio placentae NCLEX,OB/Maternity,comparison,Bleeding pain patterns and immediate nursing priorities.,"Nursing students (PN, RN), NCLEX candidates, new grads, clinical rotation students",/us/rn/nclex-rn/lessons/oxytocin-nclex-rn,lab-values,medium,3,47,nclex-seo-2026-047,planned
48,Epidural vs Spinal Anesthesia: What NCLEX Expects You to Monitor,nclex-seo-048-epidural-vs-spinal-anesthesia-what-nclex-expects-you-to-monitor,epidural vs spinal nursing monitoring NCLEX,OB/Maternity,comparison,"BP, motor block, and headache themes for procedure-adjacent safety.","Nursing students (PN, RN), NCLEX candidates, new grads, clinical rotation students",/us/rn/nclex-rn/lessons/oxytocin-nclex-rn,lab-values,medium,3,48,nclex-seo-2026-048,planned
49,Schizophrenia vs Schizoaffective: High-Yield Exam Differences (Nursing Focus),nclex-seo-049-schizophrenia-vs-schizoaffective-high-yield-exam-differences-nursing-f,schizophrenia vs schizoaffective nursing difference,Mental Health,comparison,Mood episode criteria affecting communication and safety planning.,"Nursing students (PN, RN), NCLEX candidates, new grads, clinical rotation students",/us/rn/nclex-rn/lessons/neuroleptic-malignant-syndrome-nclex-rn|/us/rn/nclex-rn/lessons/ziprasidone-and-qt-prolongation-nclex-rn,lab-values,medium,3,49,nclex-seo-2026-049,planned
50,Delirium vs Dementia: Quick Comparison for Clinical Judgment Questions,nclex-seo-050-delirium-vs-dementia-quick-comparison-for-clinical-judgment-questions,delirium vs dementia nursing comparison NCLEX,Neuro,comparison,"Onset, attention, reversibility for priority splits.","Nursing students (PN, RN), NCLEX candidates, new grads, clinical rotation students",/us/rn/nclex-rn/lessons/abnormal-neurological-assessment-findings-nclex-rn|/us/rn/nclex-rn/lessons/memantine-nclex-rn,lab-values,medium,3,50,nclex-seo-2026-050,planned
51,MI vs Pericarditis Pain: ECG/Story Clues Students Miss,nclex-seo-051-mi-vs-pericarditis-pain-ecgstory-clues-students-miss,MI vs pericarditis nursing comparison,Cardiac,comparison,Positional pain and friction rub hints with safe escalation.,"Nursing students (PN, RN), NCLEX candidates, new grads, clinical rotation students",/us/rn/nclex-rn/lessons/heart-failure-nclex-rn|/us/rn/nclex-rn/lessons/cardiac-tamponade-nclex-rn|/us/rn/nclex-rn/lessons/milrinone-nclex-rn,electrolyte-abg,medium,3,51,nclex-seo-2026-051,planned
52,Osteoarthritis vs Rheumatoid Arthritis: NCLEX Comparison (Symptoms + Teaching),nclex-seo-052-osteoarthritis-vs-rheumatoid-arthritis-nclex-comparison-symptoms-teach,OA vs RA nursing comparison NCLEX,Med-Surg,comparison,"Morning stiffness length, joint pattern, systemic signs.","Nursing students (PN, RN), NCLEX candidates, new grads, clinical rotation students",/us/rn/nclex-rn/lessons/sepsis-nclex-rn|/us/rn/nclex-rn/lessons/pulmonary-embolism-nclex-rn|/us/rn/nclex-rn/lessons/ards-nclex-rn,lab-values|electrolyte-abg,medium,3,52,nclex-seo-2026-052,planned
53,Left vs Right Heart Failure: Comparison Table + NCLEX Traps,nclex-seo-053-left-vs-right-heart-failure-comparison-table-nclex-traps,left vs right heart failure nursing comparison,Cardiac,comparison,Congestion mapping you can reuse on mixed stems.,"Nursing students (PN, RN), NCLEX candidates, new grads, clinical rotation students",/us/rn/nclex-rn/lessons/heart-failure-nclex-rn|/us/rn/nclex-rn/lessons/cardiac-tamponade-nclex-rn|/us/rn/nclex-rn/lessons/milrinone-nclex-rn,electrolyte-abg,medium,3,53,nclex-seo-2026-053,planned
54,Ulcerative Colitis Flare vs Infectious Diarrhea: Nursing Differentiation,nclex-seo-054-ulcerative-colitis-flare-vs-infectious-diarrhea-nursing-differentiatio,UC flare vs infectious diarrhea nursing,Med-Surg,comparison,Isolation versus chronic disease management split.,"Nursing students (PN, RN), NCLEX candidates, new grads, clinical rotation students",/us/rn/nclex-rn/lessons/sepsis-nclex-rn|/us/rn/nclex-rn/lessons/pulmonary-embolism-nclex-rn|/us/rn/nclex-rn/lessons/ards-nclex-rn,lab-values|electrolyte-abg,medium,3,54,nclex-seo-2026-054,planned
55,Contact vs Airborne Precautions: NCLEX Scenario Comparison,nclex-seo-055-contact-vs-airborne-precautions-nclex-scenario-comparison,contact vs airborne precautions nursing NCLEX,Nursing Skills,comparison,PPE and room rules with common mix-ups.,"Nursing students (PN, RN), NCLEX candidates, new grads, clinical rotation students",/us/rn/nclex-rn/lessons/chest-tubes-nclex-rn,lab-values,medium,3,55,nclex-seo-2026-055,planned
56,Warfarin vs Heparin: Monitoring and Reversal Themes for Exams,nclex-seo-056-warfarin-vs-heparin-monitoring-and-reversal-themes-for-exams,warfarin vs heparin nursing monitoring NCLEX,Pharmacology,comparison,"Labs, onset, bridging concepts without pharmacy rabbit holes.","Nursing students (PN, RN), NCLEX candidates, new grads, clinical rotation students",/us/rn/nclex-rn/lessons/digoxin-nclex-rn|/us/rn/nclex-rn/lessons/heparin-and-aptt-monitoring-nclex-rn|/us/rn/nclex-rn/lessons/ace-inhibitors-nclex-rn,med-math|iv-infusion,medium,3,56,nclex-seo-2026-056,planned
57,Levothyroxine Timing vs “Anytime Meds”: What Exams Test,nclex-seo-057-levothyroxine-timing-vs-anytime-meds-what-exams-test,levothyroxine administration nursing NCLEX tips,Pharmacology,comparison,Absorption interactions and teaching beats flashcards alone.,"Nursing students (PN, RN), NCLEX candidates, new grads, clinical rotation students",/us/rn/nclex-rn/lessons/digoxin-nclex-rn|/us/rn/nclex-rn/lessons/heparin-and-aptt-monitoring-nclex-rn|/us/rn/nclex-rn/lessons/ace-inhibitors-nclex-rn,med-math|iv-infusion,medium,3,57,nclex-seo-2026-057,planned
58,Central vs Peripheral Cyanosis: What Each Implies on a Stem,nclex-seo-058-central-vs-peripheral-cyanosis-what-each-implies-on-a-stem,central vs peripheral cyanosis nursing difference,Respiratory,comparison,Oxygenation versus perfusion framing for answers.,"Nursing students (PN, RN), NCLEX candidates, new grads, clinical rotation students",/us/rn/nclex-rn/lessons/positive-pressure-ventilation-nclex-rn|/us/rn/nclex-rn/lessons/chest-tubes-nclex-rn,electrolyte-abg,medium,3,58,nclex-seo-2026-058,planned
59,Type 1 vs Type 2 Diabetes Priorities in Acute vs Chronic Stems,nclex-seo-059-type-1-vs-type-2-diabetes-priorities-in-acute-vs-chronic-stems,type 1 vs type 2 diabetes nursing priorities NCLEX,Endocrine,comparison,DKA frequency versus hyperosmolar patterns and home care contrast.,"Nursing students (PN, RN), NCLEX candidates, new grads, clinical rotation students",/us/rn/nclex-rn/lessons/metformin-nclex-rn|/us/rn/nclex-rn/lessons/newborn-hypoglycemia-nclex-rn,med-math|iv-infusion|lab-values,medium,3,59,nclex-seo-2026-059,planned
60,Assault vs Battery in Nursing Documentation/Ethics Questions (Simplified),nclex-seo-060-assault-vs-battery-in-nursing-documentationethics-questions-simplified,assault vs battery nursing ethics NCLEX,NCLEX Strategy,comparison,Legal vocabulary as tested in leadership and ethics items.,"Nursing students (PN, RN), NCLEX candidates, new grads, clinical rotation students",/us/rn/nclex-rn/lessons/sepsis-nclex-rn,lab-values,medium,3,60,nclex-seo-2026-060,planned
61,IV Drip Rate Calculation Nursing: Step-by-Step (gtt/min) With NCLEX Logic,nclex-seo-061-iv-drip-rate-calculation-nursing-step-by-step-gttmin-with-nclex-logic,IV drip rate calculation nursing step by step,Dosage Calculations,calculation-how-to,"Drop factor, unit cancellation, and sanity checks exam writers expect.","Nursing students (PN, RN), NCLEX candidates, new grads, clinical rotation students",/us/rn/nclex-rn/lessons/heparin-and-aptt-monitoring-nclex-rn,med-math|iv-infusion,medium,4,61,nclex-seo-2026-061,planned
62,mL/hr from “Infuse Over X Hours”: Step-by-Step Pump Math,nclex-seo-062-mlhr-from-infuse-over-x-hours-step-by-step-pump-math,mL per hour infusion calculation nursing,Dosage Calculations,calculation-how-to,Time conversion traps between minutes and hours.,"Nursing students (PN, RN), NCLEX candidates, new grads, clinical rotation students",/us/rn/nclex-rn/lessons/heparin-and-aptt-monitoring-nclex-rn,med-math|iv-infusion,medium,4,62,nclex-seo-2026-062,planned
63,Weight-Based Drug Math (mg/kg): Nursing Steps That Stop Silly Errors,nclex-seo-063-weight-based-drug-math-mgkg-nursing-steps-that-stop-silly-errors,mg kg dosage calculation nursing step by step,Dosage Calculations,calculation-how-to,Rounding and double-check patterns for high-stakes meds.,"Nursing students (PN, RN), NCLEX candidates, new grads, clinical rotation students",/us/rn/nclex-rn/lessons/heparin-and-aptt-monitoring-nclex-rn,med-math|iv-infusion,medium,4,63,nclex-seo-2026-063,planned
64,Heparin Units to mL: Step-by-Step From a Vial Label,nclex-seo-064-heparin-units-to-ml-step-by-step-from-a-vial-label,heparin dosage calculation nursing mL,Dosage Calculations,calculation-how-to,Concentration reads and protocol safety checks.,"Nursing students (PN, RN), NCLEX candidates, new grads, clinical rotation students",/us/rn/nclex-rn/lessons/heparin-and-aptt-monitoring-nclex-rn,med-math|iv-infusion,medium,4,64,nclex-seo-2026-064,planned
65,Insulin Units Only: Drawing Up and Double-Checking (Exam-Style Walkthrough),nclex-seo-065-insulin-units-only-drawing-up-and-double-checking-exam-style-walkthrou,insulin unit calculation nursing U-100,Dosage Calculations,calculation-how-to,Syringe selection and U-100 guardrails.,"Nursing students (PN, RN), NCLEX candidates, new grads, clinical rotation students",/us/rn/nclex-rn/lessons/heparin-and-aptt-monitoring-nclex-rn,med-math|iv-infusion,medium,4,65,nclex-seo-2026-065,planned
66,Tablet Splitting and Dose Conversion (mg ↔ mcg) Step-by-Step,nclex-seo-066-tablet-splitting-and-dose-conversion-mg-mcg-step-by-step,mg to mcg conversion nursing dosage,Dosage Calculations,calculation-how-to,Metric ladder with cancellation exam style.,"Nursing students (PN, RN), NCLEX candidates, new grads, clinical rotation students",/us/rn/nclex-rn/lessons/heparin-and-aptt-monitoring-nclex-rn,med-math|iv-infusion,medium,4,66,nclex-seo-2026-066,planned
67,IV Bolus “Push Over X Minutes”: Rate Math Nurses Actually Use,nclex-seo-067-iv-bolus-push-over-x-minutes-rate-math-nurses-actually-use,IV push rate calculation nursing,Dosage Calculations,calculation-how-to,mL per minute to syringe timing with stability caveats.,"Nursing students (PN, RN), NCLEX candidates, new grads, clinical rotation students",/us/rn/nclex-rn/lessons/heparin-and-aptt-monitoring-nclex-rn,med-math|iv-infusion,medium,4,67,nclex-seo-2026-067,planned
68,Fluid Replacement Math: Maintenance vs Deficit (Simplified for Exams),nclex-seo-068-fluid-replacement-math-maintenance-vs-deficit-simplified-for-exams,IV fluid calculation nursing step by step,Dosage Calculations,calculation-how-to,Structured setup when stems give losses or maintenance goals.,"Nursing students (PN, RN), NCLEX candidates, new grads, clinical rotation students",/us/rn/nclex-rn/lessons/heparin-and-aptt-monitoring-nclex-rn,med-math|iv-infusion,medium,4,68,nclex-seo-2026-068,planned
69,Pediatric Dose by Weight: Step-by-Step With a Safety Ceiling Check,nclex-seo-069-pediatric-dose-by-weight-step-by-step-with-a-safety-ceiling-check,pediatric dosage calculation nursing step by step,Pediatrics,calculation-how-to,kg conversions and “does this dose make sense” habits.,"Nursing students (PN, RN), NCLEX candidates, new grads, clinical rotation students",/us/rn/nclex-rn/lessons/bronchiolitis-and-rsv-nclex-rn|/us/rn/nclex-rn/lessons/febrile-seizures-nclex-rn|/us/rn/nclex-rn/lessons/newborn-hypoglycemia-nclex-rn,med-math|iv-infusion,medium,4,69,nclex-seo-2026-069,planned
70,Reconstitution Math: Mixing Powdered Antibiotics (Label Walkthrough),nclex-seo-070-reconstitution-math-mixing-powdered-antibiotics-label-walkthrough,reconstitution medication calculation nursing,Dosage Calculations,calculation-how-to,Final concentration and mL to draw for pump programming items.,"Nursing students (PN, RN), NCLEX candidates, new grads, clinical rotation students",/us/rn/nclex-rn/lessons/heparin-and-aptt-monitoring-nclex-rn,med-math|iv-infusion,medium,4,70,nclex-seo-2026-070,planned
71,Titration Tables: Converting “Increase by X units/hr” to Pump Settings,nclex-seo-071-titration-tables-converting-increase-by-x-unitshr-to-pump-settings,insulin drip titration nursing calculation,Dosage Calculations,calculation-how-to,Stepwise titration interpretation without ICU overload.,"Nursing students (PN, RN), NCLEX candidates, new grads, clinical rotation students",/us/rn/nclex-rn/lessons/heparin-and-aptt-monitoring-nclex-rn,med-math|iv-infusion,deferred,4,71,nclex-seo-2026-071,planned
72,mEq Dosing for Electrolytes: What NCLEX Tests (and What It Doesn’t),nclex-seo-072-meq-dosing-for-electrolytes-what-nclex-tests-and-what-it-doesnt,mEq medication calculation nursing,Pharmacology,calculation-how-to,Practical setup for replacement scenarios with monitoring pairs.,"Nursing students (PN, RN), NCLEX candidates, new grads, clinical rotation students",/us/rn/nclex-rn/lessons/digoxin-nclex-rn|/us/rn/nclex-rn/lessons/heparin-and-aptt-monitoring-nclex-rn|/us/rn/nclex-rn/lessons/ace-inhibitors-nclex-rn,med-math|iv-infusion,deferred,4,72,nclex-seo-2026-072,planned
73,Percentage-Based Solutions: Step-by-Step (Dextrose Math),nclex-seo-073-percentage-based-solutions-step-by-step-dextrose-math,percentage solution calculation nursing,Dosage Calculations,calculation-how-to,Percent to usable concentration reasoning for stems.,"Nursing students (PN, RN), NCLEX candidates, new grads, clinical rotation students",/us/rn/nclex-rn/lessons/heparin-and-aptt-monitoring-nclex-rn,med-math|iv-infusion,deferred,4,73,nclex-seo-2026-073,planned
74,Body Surface Area (BSA) Dosing: When the Stem Gives Height/Weight,nclex-seo-074-body-surface-area-bsa-dosing-when-the-stem-gives-heightweight,BSA medication calculation nursing,Dosage Calculations,calculation-how-to,Formula plus exam simplifications and policy reality.,"Nursing students (PN, RN), NCLEX candidates, new grads, clinical rotation students",/us/rn/nclex-rn/lessons/heparin-and-aptt-monitoring-nclex-rn,med-math|iv-infusion,deferred,4,74,nclex-seo-2026-074,planned
75,IV Piggyback Timing: “Run Over 30 Minutes” Math + Line Patency Checks,nclex-seo-075-iv-piggyback-timing-run-over-30-minutes-math-line-patency-checks,IV piggyback infusion time calculation nursing,Nursing Skills,calculation-how-to,Secondary line math paired with medication safety.,"Nursing students (PN, RN), NCLEX candidates, new grads, clinical rotation students",/us/rn/nclex-rn/lessons/chest-tubes-nclex-rn,med-math|iv-infusion,deferred,4,75,nclex-seo-2026-075,planned
76,Syringe Pump mL/hr for Small Volumes (Peds/NICU-Style Practice),nclex-seo-076-syringe-pump-mlhr-for-small-volumes-pedsnicu-style-practice,syringe pump rate calculation nursing,Pediatrics,calculation-how-to,Micro-volume rates with rounding discipline.,"Nursing students (PN, RN), NCLEX candidates, new grads, clinical rotation students",/us/rn/nclex-rn/lessons/bronchiolitis-and-rsv-nclex-rn|/us/rn/nclex-rn/lessons/febrile-seizures-nclex-rn|/us/rn/nclex-rn/lessons/newborn-hypoglycemia-nclex-rn,med-math|iv-infusion,deferred,4,76,nclex-seo-2026-076,planned
77,Oxygen FiO2 Changes vs L/min: What the NCLEX Wants (Concept + Math Hygiene),nclex-seo-077-oxygen-fio2-changes-vs-lmin-what-the-nclex-wants-concept-math-hygiene,oxygen flow rate nursing calculation NCLEX,Respiratory,calculation-how-to,Device limits and false precision traps.,"Nursing students (PN, RN), NCLEX candidates, new grads, clinical rotation students",/us/rn/nclex-rn/lessons/positive-pressure-ventilation-nclex-rn|/us/rn/nclex-rn/lessons/chest-tubes-nclex-rn,med-math|iv-infusion|electrolyte-abg,deferred,4,77,nclex-seo-2026-077,planned
78,Dilution Math for IV Meds: “Add to 100 mL NS” Step-by-Step,nclex-seo-078-dilution-math-for-iv-meds-add-to-100-ml-ns-step-by-step,IV medication dilution calculation nursing,Dosage Calculations,calculation-how-to,Final concentration linked to pump rate stems.,"Nursing students (PN, RN), NCLEX candidates, new grads, clinical rotation students",/us/rn/nclex-rn/lessons/heparin-and-aptt-monitoring-nclex-rn,med-math|iv-infusion,deferred,4,78,nclex-seo-2026-078,planned
79,gtt/min When You Already Know mL/hr (Drop Factor Shortcut),nclex-seo-079-gttmin-when-you-already-know-mlhr-drop-factor-shortcut,gtt min from mL hr calculation nursing,Dosage Calculations,calculation-how-to,Two-step bridge for gravity tubing items.,"Nursing students (PN, RN), NCLEX candidates, new grads, clinical rotation students",/us/rn/nclex-rn/lessons/heparin-and-aptt-monitoring-nclex-rn,med-math|iv-infusion,deferred,4,79,nclex-seo-2026-079,planned
80,“How Many Tablets?” Dose-Finding With Fractional Tabs (NCLEX-Style),nclex-seo-080-how-many-tablets-dose-finding-with-fractional-tabs-nclex-style,tablet dose calculation nursing half tablet,Dosage Calculations,calculation-how-to,Rounding boundaries and when to verify orders.,"Nursing students (PN, RN), NCLEX candidates, new grads, clinical rotation students",/us/rn/nclex-rn/lessons/heparin-and-aptt-monitoring-nclex-rn,med-math|iv-infusion,deferred,4,80,nclex-seo-2026-080,planned
81,What to Do First When K+ Is 6.2 and the Patient Looks “Stable” (NCLEX Priority),nclex-seo-081-what-to-do-first-when-k-is-62-and-the-patient-looks-stable-nclex-prior,hyperkalemia priority nursing action NCLEX,Med-Surg,prioritization-traps,Rhythm risk versus busywork answers on electrolyte stems.,"Nursing students (PN, RN), NCLEX candidates, new grads, clinical rotation students",/us/rn/nclex-rn/lessons/sepsis-nclex-rn|/us/rn/nclex-rn/lessons/pulmonary-embolism-nclex-rn|/us/rn/nclex-rn/lessons/ards-nclex-rn,lab-values|electrolyte-abg,deferred,4,81,nclex-seo-2026-081,planned
82,ABC vs Nursing Process: When NCLEX Wants Airway Before “Assess More”,nclex-seo-082-abc-vs-nursing-process-when-nclex-wants-airway-before-assess-more,ABC priority nursing NCLEX first action,NCLEX Strategy,prioritization-traps,When to stop collecting data and act on airway threat.,"Nursing students (PN, RN), NCLEX candidates, new grads, clinical rotation students",/us/rn/nclex-rn/lessons/sepsis-nclex-rn,lab-values,deferred,4,82,nclex-seo-2026-082,planned
83,New Onset Confusion Post-Op: Infection vs Opioids vs Hypoxia (Pick First),nclex-seo-083-new-onset-confusion-post-op-infection-vs-opioids-vs-hypoxia-pick-first,post op confusion priority nursing NCLEX,Med-Surg,prioritization-traps,Elimination order for common post-op change scenarios.,"Nursing students (PN, RN), NCLEX candidates, new grads, clinical rotation students",/us/rn/nclex-rn/lessons/sepsis-nclex-rn|/us/rn/nclex-rn/lessons/pulmonary-embolism-nclex-rn|/us/rn/nclex-rn/lessons/ards-nclex-rn,lab-values|electrolyte-abg,deferred,4,83,nclex-seo-2026-083,planned
84,Chest Pain in the Clinic: Who Goes to the ED First (Judgment Drill),nclex-seo-084-chest-pain-in-the-clinic-who-goes-to-the-ed-first-judgment-drill,chest pain priority nursing assessment NCLEX,Cardiac,prioritization-traps,Red-flag clustering versus benign explanations.,"Nursing students (PN, RN), NCLEX candidates, new grads, clinical rotation students",/us/rn/nclex-rn/lessons/heart-failure-nclex-rn|/us/rn/nclex-rn/lessons/cardiac-tamponade-nclex-rn|/us/rn/nclex-rn/lessons/milrinone-nclex-rn,electrolyte-abg,deferred,4,84,nclex-seo-2026-084,planned
85,Sudden Shortness of Breath With Unilateral Leg Swelling: First Nursing Moves,nclex-seo-085-sudden-shortness-of-breath-with-unilateral-leg-swelling-first-nursing-,DVT PE priority nursing actions NCLEX,Respiratory,prioritization-traps,"Safety, monitoring, and escalation patterns.","Nursing students (PN, RN), NCLEX candidates, new grads, clinical rotation students",/us/rn/nclex-rn/lessons/positive-pressure-ventilation-nclex-rn|/us/rn/nclex-rn/lessons/chest-tubes-nclex-rn,electrolyte-abg,deferred,4,85,nclex-seo-2026-085,planned
86,Hypoglycemia Symptoms but Glucose “Borderline”: What NCLEX Is Testing,nclex-seo-086-hypoglycemia-symptoms-but-glucose-borderline-what-nclex-is-testing,hypoglycemia priority nursing intervention NCLEX,Endocrine,prioritization-traps,Treat symptoms versus chase numbers trap.,"Nursing students (PN, RN), NCLEX candidates, new grads, clinical rotation students",/us/rn/nclex-rn/lessons/metformin-nclex-rn|/us/rn/nclex-rn/lessons/newborn-hypoglycemia-nclex-rn,med-math|iv-infusion|lab-values,deferred,4,86,nclex-seo-2026-086,planned
87,“Patient Refuses Meds”: Priority Is Not Arguing—It’s Assessment First,nclex-seo-087-patient-refuses-meds-priority-is-not-arguingits-assessment-first,patient refuses medication nursing priority NCLEX,NCLEX Strategy,prioritization-traps,"Rights, capacity, and therapeutic communication sequence.","Nursing students (PN, RN), NCLEX candidates, new grads, clinical rotation students",/us/rn/nclex-rn/lessons/sepsis-nclex-rn,lab-values,deferred,4,87,nclex-seo-2026-087,planned
88,Bleeding After Heparin: What to Check Before You Panic-Click Answers,nclex-seo-088-bleeding-after-heparin-what-to-check-before-you-panic-click-answers,heparin bleeding nursing priority NCLEX,Pharmacology,prioritization-traps,Assessment sequence with labs and protocol language.,"Nursing students (PN, RN), NCLEX candidates, new grads, clinical rotation students",/us/rn/nclex-rn/lessons/digoxin-nclex-rn|/us/rn/nclex-rn/lessons/heparin-and-aptt-monitoring-nclex-rn|/us/rn/nclex-rn/lessons/ace-inhibitors-nclex-rn,med-math|iv-infusion,deferred,4,88,nclex-seo-2026-088,planned
89,Fall Risk vs Impulsive Behavior: Which Safety Action Comes First?,nclex-seo-089-fall-risk-vs-impulsive-behavior-which-safety-action-comes-first,fall risk nursing priority mental health NCLEX,Mental Health,prioritization-traps,"Environment, 1:1, and least restrictive effective options.","Nursing students (PN, RN), NCLEX candidates, new grads, clinical rotation students",/us/rn/nclex-rn/lessons/neuroleptic-malignant-syndrome-nclex-rn|/us/rn/nclex-rn/lessons/ziprasidone-and-qt-prolongation-nclex-rn,lab-values,deferred,4,89,nclex-seo-2026-089,planned
90,Postpartum Bleeding: First-Line Nursing Actions Before “More Fluids”,nclex-seo-090-postpartum-bleeding-first-line-nursing-actions-before-more-fluids,postpartum hemorrhage nursing priority NCLEX,OB/Maternity,prioritization-traps,"Fundus, bleeding quantification, activation cues.","Nursing students (PN, RN), NCLEX candidates, new grads, clinical rotation students",/us/rn/nclex-rn/lessons/oxytocin-nclex-rn,lab-values,deferred,4,90,nclex-seo-2026-090,planned
91,Pediatric Fever + Petechial Rash: Priority Actions Parents (and Exams) Need,nclex-seo-091-pediatric-fever-petechial-rash-priority-actions-parents-and-exams-need,petechial rash fever pediatric nursing priority NCLEX,Pediatrics,prioritization-traps,Escalation framing without diagnosing in nursing scope.,"Nursing students (PN, RN), NCLEX candidates, new grads, clinical rotation students",/us/rn/nclex-rn/lessons/bronchiolitis-and-rsv-nclex-rn|/us/rn/nclex-rn/lessons/febrile-seizures-nclex-rn|/us/rn/nclex-rn/lessons/newborn-hypoglycemia-nclex-rn,lab-values,deferred,4,91,nclex-seo-2026-091,planned
92,Stroke Symptoms <10 Minutes Ago: What NCLEX Wants You to Prioritize,nclex-seo-092-stroke-symptoms-10-minutes-ago-what-nclex-wants-you-to-prioritize,stroke nursing priority NCLEX first action,Neuro,prioritization-traps,Time-sensitive pathway thinking versus documentation rabbit holes.,"Nursing students (PN, RN), NCLEX candidates, new grads, clinical rotation students",/us/rn/nclex-rn/lessons/abnormal-neurological-assessment-findings-nclex-rn|/us/rn/nclex-rn/lessons/memantine-nclex-rn,lab-values,deferred,4,92,nclex-seo-2026-092,planned
93,Anaphylaxis vs Mild Allergy: Epi First or Assessment First?,nclex-seo-093-anaphylaxis-vs-mild-allergy-epi-first-or-assessment-first,anaphylaxis nursing priority epinephrine NCLEX,Med-Surg,prioritization-traps,Clears “call provider before med” traps on airway items.,"Nursing students (PN, RN), NCLEX candidates, new grads, clinical rotation students",/us/rn/nclex-rn/lessons/sepsis-nclex-rn|/us/rn/nclex-rn/lessons/pulmonary-embolism-nclex-rn|/us/rn/nclex-rn/lessons/ards-nclex-rn,lab-values|electrolyte-abg,deferred,4,93,nclex-seo-2026-093,planned
94,Suicidal Ideation Disclosed in Passing: Immediate Nursing Priority,nclex-seo-094-suicidal-ideation-disclosed-in-passing-immediate-nursing-priority,suicidal ideation nursing priority NCLEX,Mental Health,prioritization-traps,Safety assessment hierarchy and therapeutic response patterns.,"Nursing students (PN, RN), NCLEX candidates, new grads, clinical rotation students",/us/rn/nclex-rn/lessons/neuroleptic-malignant-syndrome-nclex-rn|/us/rn/nclex-rn/lessons/ziprasidone-and-qt-prolongation-nclex-rn,lab-values,deferred,4,94,nclex-seo-2026-094,planned
95,Digoxin + Low K+: Which Problem Do You Address First on the Exam?,nclex-seo-095-digoxin-low-k-which-problem-do-you-address-first-on-the-exam,digoxin toxicity hypokalemia priority nursing NCLEX,Pharmacology,prioritization-traps,Electrolyte versus drug hold sequencing with rationales.,"Nursing students (PN, RN), NCLEX candidates, new grads, clinical rotation students",/us/rn/nclex-rn/lessons/digoxin-nclex-rn|/us/rn/nclex-rn/lessons/heparin-and-aptt-monitoring-nclex-rn|/us/rn/nclex-rn/lessons/ace-inhibitors-nclex-rn,med-math|iv-infusion,deferred,4,95,nclex-seo-2026-095,planned
96,“Patient Pulling at Lines”: Behavioral vs Safety Priority in Med-Surg,nclex-seo-096-patient-pulling-at-lines-behavioral-vs-safety-priority-in-med-surg,patient pulling IV line nursing priority NCLEX,Med-Surg,prioritization-traps,De-escalation and injury prevention without restraint-first answers.,"Nursing students (PN, RN), NCLEX candidates, new grads, clinical rotation students",/us/rn/nclex-rn/lessons/sepsis-nclex-rn|/us/rn/nclex-rn/lessons/pulmonary-embolism-nclex-rn|/us/rn/nclex-rn/lessons/ards-nclex-rn,lab-values|electrolyte-abg,deferred,4,96,nclex-seo-2026-096,planned
97,Post-Extubation Stridor: Nursing Priorities in the First Minutes,nclex-seo-097-post-extubation-stridor-nursing-priorities-in-the-first-minutes,post extubation stridor nursing priority NCLEX,Respiratory,prioritization-traps,Airway-focused actions versus sedating traps.,"Nursing students (PN, RN), NCLEX candidates, new grads, clinical rotation students",/us/rn/nclex-rn/lessons/positive-pressure-ventilation-nclex-rn|/us/rn/nclex-rn/lessons/chest-tubes-nclex-rn,electrolyte-abg,deferred,4,97,nclex-seo-2026-097,planned
98,Suspected Child Abuse: Reporting vs Rapport—What Comes First Legally and Clinically,nclex-seo-098-suspected-child-abuse-reporting-vs-rapportwhat-comes-first-legally-and,suspected child abuse nursing priority NCLEX,Pediatrics,prioritization-traps,"Safety, documentation, and mandated reporting sequence.","Nursing students (PN, RN), NCLEX candidates, new grads, clinical rotation students",/us/rn/nclex-rn/lessons/bronchiolitis-and-rsv-nclex-rn|/us/rn/nclex-rn/lessons/febrile-seizures-nclex-rn|/us/rn/nclex-rn/lessons/newborn-hypoglycemia-nclex-rn,lab-values,deferred,4,98,nclex-seo-2026-098,planned
99,Transfusion Reaction: Stop the Line vs Call the Provider (NCLEX Order),nclex-seo-099-transfusion-reaction-stop-the-line-vs-call-the-provider-nclex-order,transfusion reaction nursing priority first action NCLEX,Med-Surg,prioritization-traps,Immediate patient safety sequencing with reaction nuances.,"Nursing students (PN, RN), NCLEX candidates, new grads, clinical rotation students",/us/rn/nclex-rn/lessons/sepsis-nclex-rn|/us/rn/nclex-rn/lessons/pulmonary-embolism-nclex-rn|/us/rn/nclex-rn/lessons/ards-nclex-rn,lab-values|electrolyte-abg,deferred,4,99,nclex-seo-2026-099,planned
100,"“Which Patient Do You See First?” Charge Nurse Triage (4 Patients, 1 Nurse)",nclex-seo-100-which-patient-do-you-see-first-charge-nurse-triage-4-patients-1-nurse,nursing prioritization multiple patients NCLEX,NCLEX Strategy,prioritization-traps,Acuity habits for leadership and multi-patient items.,"Nursing students (PN, RN), NCLEX candidates, new grads, clinical rotation students",/us/rn/nclex-rn/lessons/sepsis-nclex-rn,lab-values,deferred,4,100,nclex-seo-2026-100,planned