title,slug,primary_keyword,search_intent,country,tier,category_cluster,suggested_internal_links
"Why does left-sided heart failure cause pulmonary congestion?","why-does-left-sided-heart-failure-cause-pulmonary-congestion","Why does left-sided heart failure cause pulmonary congestion",informational,Global,RN,"cardiovascular-pathophysiology","/blog/rn|/blog|/question-bank|/lessons|LESSON_SLUG_TBD needs_mapping"
"How beta-blockers blunt the sympathetic storm in ACS?","how-beta-blockers-blunt-the-sympathetic-storm-in-acs-2","How beta-blockers blunt the sympathetic storm in ACS",informational,Global,RN,"cardiovascular-pathophysiology","/blog/rn|/blog|/question-bank|/lessons|LESSON_SLUG_TBD needs_mapping"
"What causes crackles on exam in fluid overload NCLEX style?","what-causes-crackles-on-exam-in-fluid-overload-nclex-style-3","What causes crackles on exam in fluid overload NCLEX style",exam-prep,Global,RN,"cardiovascular-pathophysiology","/blog/rn|/blog|/question-bank|/lessons|LESSON_SLUG_TBD needs_mapping"
"Difference between preload and afterload for nursing students?","difference-between-preload-and-afterload-for-nursing-students-4","Difference between preload and afterload for nursing students",informational,Global,RN,"cardiovascular-pathophysiology","/blog/rn|/blog|/question-bank|/lessons|LESSON_SLUG_TBD needs_mapping"
"Why is digoxin toxicity a priority when nausea and bradycardia appear?","why-is-digoxin-toxicity-a-priority-when-nausea-and-bradycardia-appear-5","Why is digoxin toxicity a priority when nausea and bradycardia appear",clinical-prioritization,Global,RN,"cardiovascular-pathophysiology","/blog/rn|/blog|/question-bank|/lessons|LESSON_SLUG_TBD needs_mapping"
"NCLEX trap atrial fibrillation with RVR first intervention?","nclex-trap-atrial-fibrillation-with-rvr-first-intervention-6","NCLEX trap atrial fibrillation with RVR first intervention",exam-prep,Global,RN,"cardiovascular-pathophysiology","/blog/rn|/blog|/question-bank|/lessons|LESSON_SLUG_TBD needs_mapping"
"How nitroglycerin reduces myocardial oxygen demand explained?","how-nitroglycerin-reduces-myocardial-oxygen-demand-explained-7","How nitroglycerin reduces myocardial oxygen demand explained",informational,Global,RN,"cardiovascular-pathophysiology","/blog/rn|/blog|/question-bank|/lessons|LESSON_SLUG_TBD needs_mapping"
"What causes pulsus paradoxus in pericardial tamponade?","what-causes-pulsus-paradoxus-in-pericardial-tamponade-8","What causes pulsus paradoxus in pericardial tamponade",informational,Global,RN,"cardiovascular-pathophysiology","/blog/rn|/blog|/question-bank|/lessons|LESSON_SLUG_TBD needs_mapping"
"Why ACE inhibitors can worsen acute kidney injury in some patients?","why-ace-inhibitors-can-worsen-acute-kidney-injury-in-some-patients-9","Why ACE inhibitors can worsen acute kidney injury in some patients",informational,Global,RN,"cardiovascular-pathophysiology","/blog/rn|/blog|/question-bank|/lessons|LESSON_SLUG_TBD needs_mapping"
"How vasodilators affect afterload in systolic heart failure?","how-vasodilators-affect-afterload-in-systolic-heart-failure-10","How vasodilators affect afterload in systolic heart failure",informational,Global,RN,"cardiovascular-pathophysiology","/blog/rn|/blog|/question-bank|/lessons|LESSON_SLUG_TBD needs_mapping"
"Why COPD patients retain CO2 and what it means for oxygen NCLEX?","why-copd-patients-retain-co2-and-what-it-means-for-oxygen-nclex","Why COPD patients retain CO2 and what it means for oxygen NCLEX",exam-prep,Global,RN,"respiratory-pathophysiology","/blog/rn|/blog|/question-bank|/lessons|LESSON_SLUG_TBD needs_mapping"
"How asthma bronchospasm differs from emphysema destruction pattern?","how-asthma-bronchospasm-differs-from-emphysema-destruction-pattern-2","How asthma bronchospasm differs from emphysema destruction pattern",informational,Global,RN,"respiratory-pathophysiology","/blog/rn|/blog|/question-bank|/lessons|LESSON_SLUG_TBD needs_mapping"
"What causes Kussmaul breathing in metabolic acidosis?","what-causes-kussmaul-breathing-in-metabolic-acidosis-3","What causes Kussmaul breathing in metabolic acidosis",informational,Global,RN,"respiratory-pathophysiology","/blog/rn|/blog|/question-bank|/lessons|LESSON_SLUG_TBD needs_mapping"
"NCLEX priority for tension pneumothorax before imaging?","nclex-priority-for-tension-pneumothorax-before-imaging-4","NCLEX priority for tension pneumothorax before imaging",exam-prep,Global,RN,"respiratory-pathophysiology","/blog/rn|/blog|/question-bank|/lessons|LESSON_SLUG_TBD needs_mapping"
"Why pulmonary embolism causes sudden hypoxia without wheeze?","why-pulmonary-embolism-causes-sudden-hypoxia-without-wheeze-5","Why pulmonary embolism causes sudden hypoxia without wheeze",informational,Global,RN,"respiratory-pathophysiology","/blog/rn|/blog|/question-bank|/lessons|LESSON_SLUG_TBD needs_mapping"
"How VQ mismatch explains refractory hypoxemia basics?","how-vq-mismatch-explains-refractory-hypoxemia-basics-6","How VQ mismatch explains refractory hypoxemia basics",informational,Global,RN,"respiratory-pathophysiology","/blog/rn|/blog|/question-bank|/lessons|LESSON_SLUG_TBD needs_mapping"
"What causes pleuritic chest pain in pneumonia vs PE?","what-causes-pleuritic-chest-pain-in-pneumonia-vs-pe-7","What causes pleuritic chest pain in pneumonia vs PE",informational,Global,RN,"respiratory-pathophysiology","/blog/rn|/blog|/question-bank|/lessons|LESSON_SLUG_TBD needs_mapping"
"Why high-flow nasal cannula helps work of breathing?","why-high-flow-nasal-cannula-helps-work-of-breathing-8","Why high-flow nasal cannula helps work of breathing",informational,Global,RN,"respiratory-pathophysiology","/blog/rn|/blog|/question-bank|/lessons|LESSON_SLUG_TBD needs_mapping"
"How alveolar collapse leads to atelectasis on auscultation?","how-alveolar-collapse-leads-to-atelectasis-on-auscultation-9","How alveolar collapse leads to atelectasis on auscultation",informational,Global,RN,"respiratory-pathophysiology","/blog/rn|/blog|/question-bank|/lessons|LESSON_SLUG_TBD needs_mapping"
"Difference between restrictive and obstructive patterns quick check?","difference-between-restrictive-and-obstructive-patterns-quick-check-10","Difference between restrictive and obstructive patterns quick check",informational,Global,RN,"respiratory-pathophysiology","/blog/rn|/blog|/question-bank|/lessons|LESSON_SLUG_TBD needs_mapping"
"Why hyperkalemia peaks T waves on ECG pathophysiology?","why-hyperkalemia-peaks-t-waves-on-ecg-pathophysiology","Why hyperkalemia peaks T waves on ECG pathophysiology",informational,Global,RN,"renal-electrolyte-pathophysiology","/blog/rn|/blog|/question-bank|/lessons|LESSON_SLUG_TBD needs_mapping"
"How loop diuretics cause hypokalemia and what to monitor?","how-loop-diuretics-cause-hypokalemia-and-what-to-monitor-2","How loop diuretics cause hypokalemia and what to monitor",informational,Global,RN,"renal-electrolyte-pathophysiology","/blog/rn|/blog|/question-bank|/lessons|LESSON_SLUG_TBD needs_mapping"
"NCLEX first action symptomatic hyperkalemia with peaked T waves?","nclex-first-action-symptomatic-hyperkalemia-with-peaked-t-waves-3","NCLEX first action symptomatic hyperkalemia with peaked T waves",exam-prep,Global,RN,"renal-electrolyte-pathophysiology","/blog/rn|/blog|/question-bank|/lessons|LESSON_SLUG_TBD needs_mapping"
"What causes metabolic alkalosis from vomiting chloride loss?","what-causes-metabolic-alkalosis-from-vomiting-chloride-loss-4","What causes metabolic alkalosis from vomiting chloride loss",informational,Global,RN,"renal-electrolyte-pathophysiology","/blog/rn|/blog|/question-bank|/lessons|LESSON_SLUG_TBD needs_mapping"
"Why ARF oliguria raises creatinine faster than you expect?","why-arf-oliguria-raises-creatinine-faster-than-you-expect-5","Why ARF oliguria raises creatinine faster than you expect",informational,Global,RN,"renal-electrolyte-pathophysiology","/blog/rn|/blog|/question-bank|/lessons|LESSON_SLUG_TBD needs_mapping"
"How SIADH dilutes sodium and why fluid restriction helps?","how-siadh-dilutes-sodium-and-why-fluid-restriction-helps-6","How SIADH dilutes sodium and why fluid restriction helps",informational,Global,RN,"renal-electrolyte-pathophysiology","/blog/rn|/blog|/question-bank|/lessons|LESSON_SLUG_TBD needs_mapping"
"Difference between prerenal vs intrarenal AKI clues at bedside?","difference-between-prerenal-vs-intrarenal-aki-clues-at-bedside-7","Difference between prerenal vs intrarenal AKI clues at bedside",informational,Global,RN,"renal-electrolyte-pathophysiology","/blog/rn|/blog|/question-bank|/lessons|LESSON_SLUG_TBD needs_mapping"
"Why nephrotoxic drugs matter more when elderly or dehydrated?","why-nephrotoxic-drugs-matter-more-when-elderly-or-dehydrated-8","Why nephrotoxic drugs matter more when elderly or dehydrated",informational,Global,RN,"renal-electrolyte-pathophysiology","/blog/rn|/blog|/question-bank|/lessons|LESSON_SLUG_TBD needs_mapping"
"What causes phosphate rise in acute kidney injury?","what-causes-phosphate-rise-in-acute-kidney-injury-9","What causes phosphate rise in acute kidney injury",informational,Global,RN,"renal-electrolyte-pathophysiology","/blog/rn|/blog|/question-bank|/lessons|LESSON_SLUG_TBD needs_mapping"
"How bicarbonate shifts in DKA during treatment nursing watch?","how-bicarbonate-shifts-in-dka-during-treatment-nursing-watch-10","How bicarbonate shifts in DKA during treatment nursing watch",informational,Global,RN,"renal-electrolyte-pathophysiology","/blog/rn|/blog|/question-bank|/lessons|LESSON_SLUG_TBD needs_mapping"
"Why DKA smells fruity and why K can fall during insulin therapy?","why-dka-smells-fruity-and-why-k-can-fall-during-insulin-therapy","Why DKA smells fruity and why K can fall during insulin therapy",exam-prep,Global,RN,"endocrine-metabolic-pathophysiology","/blog/rn|/blog|/question-bank|/lessons|LESSON_SLUG_TBD needs_mapping"
"How thyroid storm differs from uncomplicated hyperthyroidism NCLEX?","how-thyroid-storm-differs-from-uncomplicated-hyperthyroidism-nclex-2","How thyroid storm differs from uncomplicated hyperthyroidism NCLEX",exam-prep,Global,RN,"endocrine-metabolic-pathophysiology","/blog/rn|/blog|/question-bank|/lessons|LESSON_SLUG_TBD needs_mapping"
"What causes myxedema coma cold intolerance and hypotension?","what-causes-myxedema-coma-cold-intolerance-and-hypotension-3","What causes myxedema coma cold intolerance and hypotension",informational,Global,RN,"endocrine-metabolic-pathophysiology","/blog/rn|/blog|/question-bank|/lessons|LESSON_SLUG_TBD needs_mapping"
"Why cortisol excess raises glucose and infection risk?","why-cortisol-excess-raises-glucose-and-infection-risk-4","Why cortisol excess raises glucose and infection risk",informational,Global,RN,"endocrine-metabolic-pathophysiology","/blog/rn|/blog|/question-bank|/lessons|LESSON_SLUG_TBD needs_mapping"
"NCLEX pitfall hypoglycemia unconscious patient first step?","nclex-pitfall-hypoglycemia-unconscious-patient-first-step-5","NCLEX pitfall hypoglycemia unconscious patient first step",exam-prep,Global,RN,"endocrine-metabolic-pathophysiology","/blog/rn|/blog|/question-bank|/lessons|LESSON_SLUG_TBD needs_mapping"
"How insulin resistance progresses before type 2 diabetes peaks?","how-insulin-resistance-progresses-before-type-2-diabetes-peaks-6","How insulin resistance progresses before type 2 diabetes peaks",informational,Global,RN,"endocrine-metabolic-pathophysiology","/blog/rn|/blog|/question-bank|/lessons|LESSON_SLUG_TBD needs_mapping"
"What causes dawn phenomenon vs Somogyi nursing differentiation?","what-causes-dawn-phenomenon-vs-somogyi-nursing-differentiation-7","What causes dawn phenomenon vs Somogyi nursing differentiation",informational,Global,RN,"endocrine-metabolic-pathophysiology","/blog/rn|/blog|/question-bank|/lessons|LESSON_SLUG_TBD needs_mapping"
"Why glucagon raises blood sugar when no carbs are eaten?","why-glucagon-raises-blood-sugar-when-no-carbs-are-eaten-8","Why glucagon raises blood sugar when no carbs are eaten",informational,Global,RN,"endocrine-metabolic-pathophysiology","/blog/rn|/blog|/question-bank|/lessons|LESSON_SLUG_TBD needs_mapping"
"How SIADH vs diabetes insipidus sodium trends differ?","how-siadh-vs-diabetes-insipidus-sodium-trends-differ-9","How SIADH vs diabetes insipidus sodium trends differ",informational,Global,RN,"endocrine-metabolic-pathophysiology","/blog/rn|/blog|/question-bank|/lessons|LESSON_SLUG_TBD needs_mapping"
"What causes thyroid hormone spikes after iodine contrast worry?","what-causes-thyroid-hormone-spikes-after-iodine-contrast-worry-10","What causes thyroid hormone spikes after iodine contrast worry",informational,Global,RN,"endocrine-metabolic-pathophysiology","/blog/rn|/blog|/question-bank|/lessons|LESSON_SLUG_TBD needs_mapping"
"Why portal hypertension causes esophageal varices bleeding risk?","why-portal-hypertension-causes-esophageal-varices-bleeding-risk","Why portal hypertension causes esophageal varices bleeding risk",informational,Global,RN,"gi-hepatic-pathophysiology","/blog/rn|/blog|/question-bank|/lessons|LESSON_SLUG_TBD needs_mapping"
"How hepatitis inflammation raises ALT patterns nursing notes?","how-hepatitis-inflammation-raises-alt-patterns-nursing-notes-2","How hepatitis inflammation raises ALT patterns nursing notes",informational,Global,RN,"gi-hepatic-pathophysiology","/blog/rn|/blog|/question-bank|/lessons|LESSON_SLUG_TBD needs_mapping"
"NCLEX priority acute upper GI bleed stable airway assessment?","nclex-priority-acute-upper-gi-bleed-stable-airway-assessment-3","NCLEX priority acute upper GI bleed stable airway assessment",exam-prep,Global,RN,"gi-hepatic-pathophysiology","/blog/rn|/blog|/question-bank|/lessons|LESSON_SLUG_TBD needs_mapping"
"What causes paralytic ileus after major surgery?","what-causes-paralytic-ileus-after-major-surgery-4","What causes paralytic ileus after major surgery",informational,Global,RN,"gi-hepatic-pathophysiology","/blog/rn|/blog|/question-bank|/lessons|LESSON_SLUG_TBD needs_mapping"
"Why pancreatitis pain radiates to the back pathophysiology?","why-pancreatitis-pain-radiates-to-the-back-pathophysiology-5","Why pancreatitis pain radiates to the back pathophysiology",informational,Global,RN,"gi-hepatic-pathophysiology","/blog/rn|/blog|/question-bank|/lessons|LESSON_SLUG_TBD needs_mapping"
"How lactulose helps hepatic encephalopathy mechanism?","how-lactulose-helps-hepatic-encephalopathy-mechanism-6","How lactulose helps hepatic encephalopathy mechanism",informational,Global,RN,"gi-hepatic-pathophysiology","/blog/rn|/blog|/question-bank|/lessons|LESSON_SLUG_TBD needs_mapping"
"What causes C diff watery diarrhea after antibiotics?","what-causes-c-diff-watery-diarrhea-after-antibiotics-7","What causes C diff watery diarrhea after antibiotics",informational,Global,RN,"gi-hepatic-pathophysiology","/blog/rn|/blog|/question-bank|/lessons|LESSON_SLUG_TBD needs_mapping"
"Why bowel sounds hyperactive early obstruction then quiet?","why-bowel-sounds-hyperactive-early-obstruction-then-quiet-8","Why bowel sounds hyperactive early obstruction then quiet",informational,Global,RN,"gi-hepatic-pathophysiology","/blog/rn|/blog|/question-bank|/lessons|LESSON_SLUG_TBD needs_mapping"
"How ascites forms in cirrhosis sodium avidity loop?","how-ascites-forms-in-cirrhosis-sodium-avidity-loop-9","How ascites forms in cirrhosis sodium avidity loop",informational,Global,RN,"gi-hepatic-pathophysiology","/blog/rn|/blog|/question-bank|/lessons|LESSON_SLUG_TBD needs_mapping"
"Difference between small bowel vs large bowel obstruction cues?","difference-between-small-bowel-vs-large-bowel-obstruction-cues-10","Difference between small bowel vs large bowel obstruction cues",informational,Global,RN,"gi-hepatic-pathophysiology","/blog/rn|/blog|/question-bank|/lessons|LESSON_SLUG_TBD needs_mapping"
"Why stroke symptoms depend on artery territory NCLEX map?","why-stroke-symptoms-depend-on-artery-territory-nclex-map","Why stroke symptoms depend on artery territory NCLEX map",exam-prep,Global,RN,"neuro-pathophysiology","/blog/rn|/blog|/question-bank|/lessons|LESSON_SLUG_TBD needs_mapping"
"How increased ICP causes Cushing triad late signs?","how-increased-icp-causes-cushing-triad-late-signs-2","How increased ICP causes Cushing triad late signs",informational,Global,RN,"neuro-pathophysiology","/blog/rn|/blog|/question-bank|/lessons|LESSON_SLUG_TBD needs_mapping"
"What causes pinpoint pupils in opioid toxicity vs blown pupil?","what-causes-pinpoint-pupils-in-opioid-toxicity-vs-blown-pupil-3","What causes pinpoint pupils in opioid toxicity vs blown pupil",informational,Global,RN,"neuro-pathophysiology","/blog/rn|/blog|/question-bank|/lessons|LESSON_SLUG_TBD needs_mapping"
"NCLEX seizure precautions suction and timing priorities?","nclex-seizure-precautions-suction-and-timing-priorities-4","NCLEX seizure precautions suction and timing priorities",exam-prep,Global,RN,"neuro-pathophysiology","/blog/rn|/blog|/question-bank|/lessons|LESSON_SLUG_TBD needs_mapping"
"Why TIAs resolve but still need urgent workup?","why-tias-resolve-but-still-need-urgent-workup-5","Why TIAs resolve but still need urgent workup",informational,Global,RN,"neuro-pathophysiology","/blog/rn|/blog|/question-bank|/lessons|LESSON_SLUG_TBD needs_mapping"
"How MS plaques disrupt myelination and cause relapses?","how-ms-plaques-disrupt-myelination-and-cause-relapses-6","How MS plaques disrupt myelination and cause relapses",informational,Global,RN,"neuro-pathophysiology","/blog/rn|/blog|/question-bank|/lessons|LESSON_SLUG_TBD needs_mapping"
"What causes neurogenic shock in spinal cord injury pattern?","what-causes-neurogenic-shock-in-spinal-cord-injury-pattern-7","What causes neurogenic shock in spinal cord injury pattern",informational,Global,RN,"neuro-pathophysiology","/blog/rn|/blog|/question-bank|/lessons|LESSON_SLUG_TBD needs_mapping"
"Why nimodipine matters after subarachnoid hemorrhage?","why-nimodipine-matters-after-subarachnoid-hemorrhage-8","Why nimodipine matters after subarachnoid hemorrhage",informational,Global,RN,"neuro-pathophysiology","/blog/rn|/blog|/question-bank|/lessons|LESSON_SLUG_TBD needs_mapping"
"How Parkinson dopamine depletion explains rigidity and mask?","how-parkinson-dopamine-depletion-explains-rigidity-and-mask-9","How Parkinson dopamine depletion explains rigidity and mask",informational,Global,RN,"neuro-pathophysiology","/blog/rn|/blog|/question-bank|/lessons|LESSON_SLUG_TBD needs_mapping"
"Difference between generalized vs focal seizure recognition?","difference-between-generalized-vs-focal-seizure-recognition-10","Difference between generalized vs focal seizure recognition",informational,Global,RN,"neuro-pathophysiology","/blog/rn|/blog|/question-bank|/lessons|LESSON_SLUG_TBD needs_mapping"
"Why sepsis causes refractory hypotension distributive shock?","why-sepsis-causes-refractory-hypotension-distributive-shock","Why sepsis causes refractory hypotension distributive shock",exam-prep,Global,RN,"infection-sepsis-pathophysiology","/blog/rn|/blog|/question-bank|/lessons|LESSON_SLUG_TBD needs_mapping"
"How SIRS criteria differ from qSOFA at bedside practicality?","how-sirs-criteria-differ-from-qsofa-at-bedside-practicality-2","How SIRS criteria differ from qSOFA at bedside practicality",informational,Global,RN,"infection-sepsis-pathophysiology","/blog/rn|/blog|/question-bank|/lessons|LESSON_SLUG_TBD needs_mapping"
"NCLEX lactate trend in sepsis resuscitation why it matters?","nclex-lactate-trend-in-sepsis-resuscitation-why-it-matters-3","NCLEX lactate trend in sepsis resuscitation why it matters",exam-prep,Global,RN,"infection-sepsis-pathophysiology","/blog/rn|/blog|/question-bank|/lessons|LESSON_SLUG_TBD needs_mapping"
"What causes warm vs cold shock presentation pediatric vs adult?","what-causes-warm-vs-cold-shock-presentation-pediatric-vs-adult-4","What causes warm vs cold shock presentation pediatric vs adult",informational,Global,RN,"infection-sepsis-pathophysiology","/blog/rn|/blog|/question-bank|/lessons|LESSON_SLUG_TBD needs_mapping"
"Why source control timing matters in abscess and line infection?","why-source-control-timing-matters-in-abscess-and-line-infection-5","Why source control timing matters in abscess and line infection",informational,Global,RN,"infection-sepsis-pathophysiology","/blog/rn|/blog|/question-bank|/lessons|LESSON_SLUG_TBD needs_mapping"
"How endotoxin triggers cytokine storm simplified nursing lens?","how-endotoxin-triggers-cytokine-storm-simplified-nursing-lens-6","How endotoxin triggers cytokine storm simplified nursing lens",informational,Global,RN,"infection-sepsis-pathophysiology","/blog/rn|/blog|/question-bank|/lessons|LESSON_SLUG_TBD needs_mapping"
"What causes meningitis triad exceptions in older adults?","what-causes-meningitis-triad-exceptions-in-older-adults-7","What causes meningitis triad exceptions in older adults",informational,Global,RN,"infection-sepsis-pathophysiology","/blog/rn|/blog|/question-bank|/lessons|LESSON_SLUG_TBD needs_mapping"
"Why neutropenic fever needs rapid cultures before delays?","why-neutropenic-fever-needs-rapid-cultures-before-delays-8","Why neutropenic fever needs rapid cultures before delays",informational,Global,RN,"infection-sepsis-pathophysiology","/blog/rn|/blog|/question-bank|/lessons|LESSON_SLUG_TBD needs_mapping"
"How biofilms protect catheter UTIs from antibiotics?","how-biofilms-protect-catheter-utis-from-antibiotics-9","How biofilms protect catheter UTIs from antibiotics",informational,Global,RN,"infection-sepsis-pathophysiology","/blog/rn|/blog|/question-bank|/lessons|LESSON_SLUG_TBD needs_mapping"
"Difference between colonization and infection in cultures?","difference-between-colonization-and-infection-in-cultures-10","Difference between colonization and infection in cultures",informational,Global,RN,"infection-sepsis-pathophysiology","/blog/rn|/blog|/question-bank|/lessons|LESSON_SLUG_TBD needs_mapping"
"Why anemia of chronic disease shows low iron with high ferritin?","why-anemia-of-chronic-disease-shows-low-iron-with-high-ferritin","Why anemia of chronic disease shows low iron with high ferritin",informational,Global,RN,"hematology-oncology-pathophysiology","/blog/rn|/blog|/question-bank|/lessons|LESSON_SLUG_TBD needs_mapping"
"How anticoagulants shift bleeding risk vs clot prevention NCLEX?","how-anticoagulants-shift-bleeding-risk-vs-clot-prevention-nclex-2","How anticoagulants shift bleeding risk vs clot prevention NCLEX",exam-prep,Global,RN,"hematology-oncology-pathophysiology","/blog/rn|/blog|/question-bank|/lessons|LESSON_SLUG_TBD needs_mapping"
"What causes tumor lysis syndrome electrolyte bombs?","what-causes-tumor-lysis-syndrome-electrolyte-bombs-3","What causes tumor lysis syndrome electrolyte bombs",informational,Global,RN,"hematology-oncology-pathophysiology","/blog/rn|/blog|/question-bank|/lessons|LESSON_SLUG_TBD needs_mapping"
"NCLEX priority low platelets with head injury bleeding watch?","nclex-priority-low-platelets-with-head-injury-bleeding-watch-4","NCLEX priority low platelets with head injury bleeding watch",exam-prep,Global,RN,"hematology-oncology-pathophysiology","/blog/rn|/blog|/question-bank|/lessons|LESSON_SLUG_TBD needs_mapping"
"Why neutropenic precautions isolate vulnerable patients?","why-neutropenic-precautions-isolate-vulnerable-patients-5","Why neutropenic precautions isolate vulnerable patients",informational,Global,RN,"hematology-oncology-pathophysiology","/blog/rn|/blog|/question-bank|/lessons|LESSON_SLUG_TBD needs_mapping"
"How hemolysis raises indirect bilirubin pattern?","how-hemolysis-raises-indirect-bilirubin-pattern-6","How hemolysis raises indirect bilirubin pattern",informational,Global,RN,"hematology-oncology-pathophysiology","/blog/rn|/blog|/question-bank|/lessons|LESSON_SLUG_TBD needs_mapping"
"What causes sickle pain crisis vaso-occlusion triggers?","what-causes-sickle-pain-crisis-vaso-occlusion-triggers-7","What causes sickle pain crisis vaso-occlusion triggers",informational,Global,RN,"hematology-oncology-pathophysiology","/blog/rn|/blog|/question-bank|/lessons|LESSON_SLUG_TBD needs_mapping"
"Why heparin-induced thrombocytopenia is an immune paradox?","why-heparin-induced-thrombocytopenia-is-an-immune-paradox-8","Why heparin-induced thrombocytopenia is an immune paradox",informational,Global,RN,"hematology-oncology-pathophysiology","/blog/rn|/blog|/question-bank|/lessons|LESSON_SLUG_TBD needs_mapping"
"How radiation mucositis changes nutrition and infection risk?","how-radiation-mucositis-changes-nutrition-and-infection-risk-9","How radiation mucositis changes nutrition and infection risk",informational,Global,RN,"hematology-oncology-pathophysiology","/blog/rn|/blog|/question-bank|/lessons|LESSON_SLUG_TBD needs_mapping"
"Difference between iron deficiency vs B12 deficiency smears hinted?","difference-between-iron-deficiency-vs-b12-deficiency-smears-hinted-10","Difference between iron deficiency vs B12 deficiency smears hinted",informational,Global,RN,"hematology-oncology-pathophysiology","/blog/rn|/blog|/question-bank|/lessons|LESSON_SLUG_TBD needs_mapping"
"Why anaphylaxis needs epinephrine first not steroids delayed?","why-anaphylaxis-needs-epinephrine-first-not-steroids-delayed","Why anaphylaxis needs epinephrine first not steroids delayed",exam-prep,Global,RN,"immune-rheum-pathophysiology","/blog/rn|/blog|/question-bank|/lessons|LESSON_SLUG_TBD needs_mapping"
"How NSAIDs blunt inflammation but stress kidneys when dehydrated?","how-nsaids-blunt-inflammation-but-stress-kidneys-when-dehydrated-2","How NSAIDs blunt inflammation but stress kidneys when dehydrated",informational,Global,RN,"immune-rheum-pathophysiology","/blog/rn|/blog|/question-bank|/lessons|LESSON_SLUG_TBD needs_mapping"
"What causes lupus flare photosensitivity and joint swelling?","what-causes-lupus-flare-photosensitivity-and-joint-swelling-3","What causes lupus flare photosensitivity and joint swelling",informational,Global,RN,"immune-rheum-pathophysiology","/blog/rn|/blog|/question-bank|/lessons|LESSON_SLUG_TBD needs_mapping"
"NCLEX angioedema ACE inhibitor urgent airway worry?","nclex-angioedema-ace-inhibitor-urgent-airway-worry-4","NCLEX angioedema ACE inhibitor urgent airway worry",exam-prep,Global,RN,"immune-rheum-pathophysiology","/blog/rn|/blog|/question-bank|/lessons|LESSON_SLUG_TBD needs_mapping"
"Why methotrexate needs folate and LFT monitoring?","why-methotrexate-needs-folate-and-lft-monitoring-5","Why methotrexate needs folate and LFT monitoring",informational,Global,RN,"immune-rheum-pathophysiology","/blog/rn|/blog|/question-bank|/lessons|LESSON_SLUG_TBD needs_mapping"
"How gout crystals inflame a joint overnight?","how-gout-crystals-inflame-a-joint-overnight-6","How gout crystals inflame a joint overnight",informational,Global,RN,"immune-rheum-pathophysiology","/blog/rn|/blog|/question-bank|/lessons|LESSON_SLUG_TBD needs_mapping"
"What causes serum sickness after some drug exposures?","what-causes-serum-sickness-after-some-drug-exposures-7","What causes serum sickness after some drug exposures",informational,Global,RN,"immune-rheum-pathophysiology","/blog/rn|/blog|/question-bank|/lessons|LESSON_SLUG_TBD needs_mapping"
"Why transplant patients mask infection with steroids onboard?","why-transplant-patients-mask-infection-with-steroids-onboard-8","Why transplant patients mask infection with steroids onboard",informational,Global,RN,"immune-rheum-pathophysiology","/blog/rn|/blog|/question-bank|/lessons|LESSON_SLUG_TBD needs_mapping"
"How RA erosions differ from OA wear patterns clinically?","how-ra-erosions-differ-from-oa-wear-patterns-clinically-9","How RA erosions differ from OA wear patterns clinically",informational,Global,RN,"immune-rheum-pathophysiology","/blog/rn|/blog|/question-bank|/lessons|LESSON_SLUG_TBD needs_mapping"
"Difference between allergy side effect and anaphylaxis speed?","difference-between-allergy-side-effect-and-anaphylaxis-speed-10","Difference between allergy side effect and anaphylaxis speed",informational,Global,RN,"immune-rheum-pathophysiology","/blog/rn|/blog|/question-bank|/lessons|LESSON_SLUG_TBD needs_mapping"
"How vancomycin red man syndrome differs from true allergy NCLEX?","how-vancomycin-red-man-syndrome-differs-from-true-allergy-nclex","How vancomycin red man syndrome differs from true allergy NCLEX",exam-prep,Global,RN,"antibiotics-pharmacology","/blog/rn|/blog|/question-bank|/lessons|LESSON_SLUG_TBD needs_mapping"
"Why penicillin cross-reactivity with cephalosporins is nuanced?","why-penicillin-cross-reactivity-with-cephalosporins-is-nuanced-2","Why penicillin cross-reactivity with cephalosporins is nuanced",informational,Global,RN,"antibiotics-pharmacology","/blog/rn|/blog|/question-bank|/lessons|LESSON_SLUG_TBD needs_mapping"
"What causes C diff after clindamycin and broad spectrum hits?","what-causes-c-diff-after-clindamycin-and-broad-spectrum-hits-3","What causes C diff after clindamycin and broad spectrum hits",informational,Global,RN,"antibiotics-pharmacology","/blog/rn|/blog|/question-bank|/lessons|LESSON_SLUG_TBD needs_mapping"
"NCLEX peak and trough timing for aminoglycoside toxicity watch?","nclex-peak-and-trough-timing-for-aminoglycoside-toxicity-watch-4","NCLEX peak and trough timing for aminoglycoside toxicity watch",exam-prep,Global,RN,"antibiotics-pharmacology","/blog/rn|/blog|/question-bank|/lessons|LESSON_SLUG_TBD needs_mapping"
"How linezolid raises serotonin risk with certain antidepressants?","how-linezolid-raises-serotonin-risk-with-certain-antidepressants-5","How linezolid raises serotonin risk with certain antidepressants",informational,Global,RN,"antibiotics-pharmacology","/blog/rn|/blog|/question-bank|/lessons|LESSON_SLUG_TBD needs_mapping"
"Why macrolides prolong QT nursing monitor pairs?","why-macrolides-prolong-qt-nursing-monitor-pairs-6","Why macrolides prolong QT nursing monitor pairs",informational,Global,RN,"antibiotics-pharmacology","/blog/rn|/blog|/question-bank|/lessons|LESSON_SLUG_TBD needs_mapping"
"What causes neurotoxicity with fluoroquinolones in older adults?","what-causes-neurotoxicity-with-fluoroquinolones-in-older-adults-7","What causes neurotoxicity with fluoroquinolones in older adults",informational,Global,RN,"antibiotics-pharmacology","/blog/rn|/blog|/question-bank|/lessons|LESSON_SLUG_TBD needs_mapping"
"How carbapenems cover ESBL when penicillins fail big picture?","how-carbapenems-cover-esbl-when-penicillins-fail-big-picture-8","How carbapenems cover ESBL when penicillins fail big picture",informational,Global,RN,"antibiotics-pharmacology","/blog/rn|/blog|/question-bank|/lessons|LESSON_SLUG_TBD needs_mapping"
"Why Bactrim raises potassium with ACE inhibitors combo risk?","why-bactrim-raises-potassium-with-ace-inhibitors-combo-risk-9","Why Bactrim raises potassium with ACE inhibitors combo risk",informational,Global,RN,"antibiotics-pharmacology","/blog/rn|/blog|/question-bank|/lessons|LESSON_SLUG_TBD needs_mapping"
"Difference between bactericidal vs bacteriostatic exam memory trick?","difference-between-bactericidal-vs-bacteriostatic-exam-memory-trick-10","Difference between bactericidal vs bacteriostatic exam memory trick",informational,Global,RN,"antibiotics-pharmacology","/blog/rn|/blog|/question-bank|/lessons|LESSON_SLUG_TBD needs_mapping"
"Why hold metformin before contrast dye ACUTE kidney risk?","why-hold-metformin-before-contrast-dye-acute-kidney-risk","Why hold metformin before contrast dye ACUTE kidney risk",exam-prep,Global,RN,"cardiovascular-pharmacology","/blog/rn|/blog|/question-bank|/lessons|LESSON_SLUG_TBD needs_mapping"
"How statins lower LDL and what liver enzymes signal?","how-statins-lower-ldl-and-what-liver-enzymes-signal-2","How statins lower LDL and what liver enzymes signal",informational,Global,RN,"cardiovascular-pharmacology","/blog/rn|/blog|/question-bank|/lessons|LESSON_SLUG_TBD needs_mapping"
"NCLEX amiodarone pulmonary fibrosis long-term teaching point?","nclex-amiodarone-pulmonary-fibrosis-long-term-teaching-point-3","NCLEX amiodarone pulmonary fibrosis long-term teaching point",exam-prep,Global,RN,"cardiovascular-pharmacology","/blog/rn|/blog|/question-bank|/lessons|LESSON_SLUG_TBD needs_mapping"
"What causes orthostasis when adding new antihypertensives?","what-causes-orthostasis-when-adding-new-antihypertensives-4","What causes orthostasis when adding new antihypertensives",informational,Global,RN,"cardiovascular-pharmacology","/blog/rn|/blog|/question-bank|/lessons|LESSON_SLUG_TBD needs_mapping"
"Why apixaban needs renal dose adjustment kidney watch?","why-apixaban-needs-renal-dose-adjustment-kidney-watch-5","Why apixaban needs renal dose adjustment kidney watch",informational,Global,RN,"cardiovascular-pharmacology","/blog/rn|/blog|/question-bank|/lessons|LESSON_SLUG_TBD needs_mapping"
"How nitroprusside needs cyanide toxicity vigilance ICU nuance?","how-nitroprusside-needs-cyanide-toxicity-vigilance-icu-nuance-6","How nitroprusside needs cyanide toxicity vigilance ICU nuance",informational,Global,RN,"cardiovascular-pharmacology","/blog/rn|/blog|/question-bank|/lessons|LESSON_SLUG_TBD needs_mapping"
"What causes rebound hypertension if clonidine stopped suddenly?","what-causes-rebound-hypertension-if-clonidine-stopped-suddenly-7","What causes rebound hypertension if clonidine stopped suddenly",informational,Global,RN,"cardiovascular-pharmacology","/blog/rn|/blog|/question-bank|/lessons|LESSON_SLUG_TBD needs_mapping"
"Why spironolactone helps HF but raises K with ACE combo?","why-spironolactone-helps-hf-but-raises-k-with-ace-combo-8","Why spironolactone helps HF but raises K with ACE combo",informational,Global,RN,"cardiovascular-pharmacology","/blog/rn|/blog|/question-bank|/lessons|LESSON_SLUG_TBD needs_mapping"
"How calcium channel classes differ dihydropyridine vs non-DHP?","how-calcium-channel-classes-differ-dihydropyridine-vs-non-dhp-9","How calcium channel classes differ dihydropyridine vs non-DHP",informational,Global,RN,"cardiovascular-pharmacology","/blog/rn|/blog|/question-bank|/lessons|LESSON_SLUG_TBD needs_mapping"
"Difference between antiplatelet vs anticoagulant bleeding features?","difference-between-antiplatelet-vs-anticoagulant-bleeding-features-10","Difference between antiplatelet vs anticoagulant bleeding features",informational,Global,RN,"cardiovascular-pharmacology","/blog/rn|/blog|/question-bank|/lessons|LESSON_SLUG_TBD needs_mapping"
"How opioid respiratory depression shows before saturation lags?","how-opioid-respiratory-depression-shows-before-saturation-lags","How opioid respiratory depression shows before saturation lags",exam-prep,Global,RN,"pain-sedation-pharmacology","/blog/rn|/blog|/question-bank|/lessons|LESSON_SLUG_TBD needs_mapping"
"Why naloxone duration is shorter than some opioids repeat doses?","why-naloxone-duration-is-shorter-than-some-opioids-repeat-doses-2","Why naloxone duration is shorter than some opioids repeat doses",informational,Global,RN,"pain-sedation-pharmacology","/blog/rn|/blog|/question-bank|/lessons|LESSON_SLUG_TBD needs_mapping"
"NCLEX PCA safety double checks and sedation scale?","nclex-pca-safety-double-checks-and-sedation-scale-3","NCLEX PCA safety double checks and sedation scale",exam-prep,Global,RN,"pain-sedation-pharmacology","/blog/rn|/blog|/question-bank|/lessons|LESSON_SLUG_TBD needs_mapping"
"What causes serotonin syndrome agitation clonus combo drugs?","what-causes-serotonin-syndrome-agitation-clonus-combo-drugs-4","What causes serotonin syndrome agitation clonus combo drugs",informational,Global,RN,"pain-sedation-pharmacology","/blog/rn|/blog|/question-bank|/lessons|LESSON_SLUG_TBD needs_mapping"
"Why ketamine dissociation is therapeutic in some sedation protocols?","why-ketamine-dissociation-is-therapeutic-in-some-sedation-protocols-5","Why ketamine dissociation is therapeutic in some sedation protocols",informational,Global,RN,"pain-sedation-pharmacology","/blog/rn|/blog|/question-bank|/lessons|LESSON_SLUG_TBD needs_mapping"
"How benzodiazepines mask withdrawal but do not fix alcohol injury?","how-benzodiazepines-mask-withdrawal-but-do-not-fix-alcohol-injury-6","How benzodiazepines mask withdrawal but do not fix alcohol injury",informational,Global,RN,"pain-sedation-pharmacology","/blog/rn|/blog|/question-bank|/lessons|LESSON_SLUG_TBD needs_mapping"
"What causes malignant hyperthermia triggering agents theatre cue?","what-causes-malignant-hyperthermia-triggering-agents-theatre-cue-7","What causes malignant hyperthermia triggering agents theatre cue",informational,Global,RN,"pain-sedation-pharmacology","/blog/rn|/blog|/question-bank|/lessons|LESSON_SLUG_TBD needs_mapping"
"Why acetaminophen toxicity shows delayed liver enzyme rise?","why-acetaminophen-toxicity-shows-delayed-liver-enzyme-rise-8","Why acetaminophen toxicity shows delayed liver enzyme rise",informational,Global,RN,"pain-sedation-pharmacology","/blog/rn|/blog|/question-bank|/lessons|LESSON_SLUG_TBD needs_mapping"
"How gabapentin accumulates renal impairment sedation risk?","how-gabapentin-accumulates-renal-impairment-sedation-risk-9","How gabapentin accumulates renal impairment sedation risk",informational,Global,RN,"pain-sedation-pharmacology","/blog/rn|/blog|/question-bank|/lessons|LESSON_SLUG_TBD needs_mapping"
"Difference between addiction tolerance and dependence charting ethics?","difference-between-addiction-tolerance-and-dependence-charting-ethics-10","Difference between addiction tolerance and dependence charting ethics",informational,Global,RN,"pain-sedation-pharmacology","/blog/rn|/blog|/question-bank|/lessons|LESSON_SLUG_TBD needs_mapping"
"Why SSRIs need weeks before depression lifts mechanism basics?","why-ssris-need-weeks-before-depression-lifts-mechanism-basics","Why SSRIs need weeks before depression lifts mechanism basics",informational,Global,RN,"psychopharmacology","/blog/rn|/blog|/question-bank|/lessons|LESSON_SLUG_TBD needs_mapping"
"How lithium toxicity shows tremor confusion rising levels?","how-lithium-toxicity-shows-tremor-confusion-rising-levels-2","How lithium toxicity shows tremor confusion rising levels",exam-prep,Global,RN,"psychopharmacology","/blog/rn|/blog|/question-bank|/lessons|LESSON_SLUG_TBD needs_mapping"
"NCLEX antipsychotic EPS vs NMS rapid differentiation?","nclex-antipsychotic-eps-vs-nms-rapid-differentiation-3","NCLEX antipsychotic EPS vs NMS rapid differentiation",exam-prep,Global,RN,"psychopharmacology","/blog/rn|/blog|/question-bank|/lessons|LESSON_SLUG_TBD needs_mapping"
"What causes hypertensive crisis with MAOIs and tyramine foods?","what-causes-hypertensive-crisis-with-maois-and-tyramine-foods-4","What causes hypertensive crisis with MAOIs and tyramine foods",informational,Global,RN,"psychopharmacology","/blog/rn|/blog|/question-bank|/lessons|LESSON_SLUG_TBD needs_mapping"
"Why clozapine needs ANC monitoring agranulocytosis risk?","why-clozapine-needs-anc-monitoring-agranulocytosis-risk-5","Why clozapine needs ANC monitoring agranulocytosis risk",informational,Global,RN,"psychopharmacology","/blog/rn|/blog|/question-bank|/lessons|LESSON_SLUG_TBD needs_mapping"
"How benztropine helps acute dystonia from antipsychotics?","how-benztropine-helps-acute-dystonia-from-antipsychotics-6","How benztropine helps acute dystonia from antipsychotics",informational,Global,RN,"psychopharmacology","/blog/rn|/blog|/question-bank|/lessons|LESSON_SLUG_TBD needs_mapping"
"What causes serotonin syndrome vs neuroleptic malignant syndrome compare?","what-causes-serotonin-syndrome-vs-neuroleptic-malignant-syndrome-compare-7","What causes serotonin syndrome vs neuroleptic malignant syndrome compare",informational,Global,RN,"psychopharmacology","/blog/rn|/blog|/question-bank|/lessons|LESSON_SLUG_TBD needs_mapping"
"Why trazodone sedates but is not first-line antidepressant for all?","why-trazodone-sedates-but-is-not-first-line-antidepressant-for-all-8","Why trazodone sedates but is not first-line antidepressant for all",informational,Global,RN,"psychopharmacology","/blog/rn|/blog|/question-bank|/lessons|LESSON_SLUG_TBD needs_mapping"
"How bupropion lowers seizure threshold at high doses?","how-bupropion-lowers-seizure-threshold-at-high-doses-9","How bupropion lowers seizure threshold at high doses",informational,Global,RN,"psychopharmacology","/blog/rn|/blog|/question-bank|/lessons|LESSON_SLUG_TBD needs_mapping"
"Difference between anxiolytic abuse and ordered PRN appropriate use?","difference-between-anxiolytic-abuse-and-ordered-prn-appropriate-use-10","Difference between anxiolytic abuse and ordered PRN appropriate use",informational,Global,RN,"psychopharmacology","/blog/rn|/blog|/question-bank|/lessons|LESSON_SLUG_TBD needs_mapping"
"How rapid-acting insulin timing matches carb intake NCLEX?","how-rapid-acting-insulin-timing-matches-carb-intake-nclex","How rapid-acting insulin timing matches carb intake NCLEX",exam-prep,Global,RN,"diabetes-endocrine-pharmacology","/blog/rn|/blog|/question-bank|/lessons|LESSON_SLUG_TBD needs_mapping"
"Why basal insulin should not be held when NPO without a plan?","why-basal-insulin-should-not-be-held-when-npo-without-a-plan-2","Why basal insulin should not be held when NPO without a plan",informational,Global,RN,"diabetes-endocrine-pharmacology","/blog/rn|/blog|/question-bank|/lessons|LESSON_SLUG_TBD needs_mapping"
"NCLEX hypoglycemia 15-15 rule and when to use glucagon?","nclex-hypoglycemia-15-15-rule-and-when-to-use-glucagon-3","NCLEX hypoglycemia 15-15 rule and when to use glucagon",exam-prep,Global,RN,"diabetes-endocrine-pharmacology","/blog/rn|/blog|/question-bank|/lessons|LESSON_SLUG_TBD needs_mapping"
"What causes lipohypertrophy with repeated same-site injections?","what-causes-lipohypertrophy-with-repeated-same-site-injections-4","What causes lipohypertrophy with repeated same-site injections",informational,Global,RN,"diabetes-endocrine-pharmacology","/blog/rn|/blog|/question-bank|/lessons|LESSON_SLUG_TBD needs_mapping"
"How SGLT2 inhibitors cause euglycemic DKA rare warning?","how-sglt2-inhibitors-cause-euglycemic-dka-rare-warning-5","How SGLT2 inhibitors cause euglycemic DKA rare warning",informational,Global,RN,"diabetes-endocrine-pharmacology","/blog/rn|/blog|/question-bank|/lessons|LESSON_SLUG_TBD needs_mapping"
"Why metformin lactic acidosis is rare but renal failure matters?","why-metformin-lactic-acidosis-is-rare-but-renal-failure-matters-6","Why metformin lactic acidosis is rare but renal failure matters",informational,Global,RN,"diabetes-endocrine-pharmacology","/blog/rn|/blog|/question-bank|/lessons|LESSON_SLUG_TBD needs_mapping"
"What causes dawn phenomenon insulin titration nursing role?","what-causes-dawn-phenomenon-insulin-titration-nursing-role-7","What causes dawn phenomenon insulin titration nursing role",informational,Global,RN,"diabetes-endocrine-pharmacology","/blog/rn|/blog|/question-bank|/lessons|LESSON_SLUG_TBD needs_mapping"
"How GLP-1 agonists slow gastric emptying nausea early weeks?","how-glp-1-agonists-slow-gastric-emptying-nausea-early-weeks-8","How GLP-1 agonists slow gastric emptying nausea early weeks",informational,Global,RN,"diabetes-endocrine-pharmacology","/blog/rn|/blog|/question-bank|/lessons|LESSON_SLUG_TBD needs_mapping"
"Why steroid bursts raise glucose sliding scale changes?","why-steroid-bursts-raise-glucose-sliding-scale-changes-9","Why steroid bursts raise glucose sliding scale changes",informational,Global,RN,"diabetes-endocrine-pharmacology","/blog/rn|/blog|/question-bank|/lessons|LESSON_SLUG_TBD needs_mapping"
"Difference between insulin types onset peak duration chart memory?","difference-between-insulin-types-onset-peak-duration-chart-memory-10","Difference between insulin types onset peak duration chart memory",informational,Global,RN,"diabetes-endocrine-pharmacology","/blog/rn|/blog|/question-bank|/lessons|LESSON_SLUG_TBD needs_mapping"
"How potassium chloride IV must never be pushed NCLEX never event?","how-potassium-chloride-iv-must-never-be-pushed-nclex-never-event","How potassium chloride IV must never be pushed NCLEX never event",exam-prep,Global,RN,"fluids-electrolytes-pharmacology","/blog/rn|/blog|/question-bank|/lessons|LESSON_SLUG_TBD needs_mapping"
"Why normal saline can worsen hypernatremia if free water needed?","why-normal-saline-can-worsen-hypernatremia-if-free-water-needed-2","Why normal saline can worsen hypernatremia if free water needed",informational,Global,RN,"fluids-electrolytes-pharmacology","/blog/rn|/blog|/question-bank|/lessons|LESSON_SLUG_TBD needs_mapping"
"NCLEX magnesium sulfate toxicity loss of DTRs obstetric lens?","nclex-magnesium-sulfate-toxicity-loss-of-dtrs-obstetric-lens-3","NCLEX magnesium sulfate toxicity loss of DTRs obstetric lens",exam-prep,Global,RN,"fluids-electrolytes-pharmacology","/blog/rn|/blog|/question-bank|/lessons|LESSON_SLUG_TBD needs_mapping"
"What causes thirstless hypernatremia in elderly fragile patients?","what-causes-thirstless-hypernatremia-in-elderly-fragile-patients-4","What causes thirstless hypernatremia in elderly fragile patients",informational,Global,RN,"fluids-electrolytes-pharmacology","/blog/rn|/blog|/question-bank|/lessons|LESSON_SLUG_TBD needs_mapping"
"How calcium gluconate stabilizes cardiac membranes in hyperkalemia bridge?","how-calcium-gluconate-stabilizes-cardiac-membranes-in-hyperkalemia-bridge-5","How calcium gluconate stabilizes cardiac membranes in hyperkalemia bridge",informational,Global,RN,"fluids-electrolytes-pharmacology","/blog/rn|/blog|/question-bank|/lessons|LESSON_SLUG_TBD needs_mapping"
"Why phosphate repletion needs caution when renal impaired?","why-phosphate-repletion-needs-caution-when-renal-impaired-6","Why phosphate repletion needs caution when renal impaired",informational,Global,RN,"fluids-electrolytes-pharmacology","/blog/rn|/blog|/question-bank|/lessons|LESSON_SLUG_TBD needs_mapping"
"What causes refeeding syndrome phosphate shifts tube feeds?","what-causes-refeeding-syndrome-phosphate-shifts-tube-feeds-7","What causes refeeding syndrome phosphate shifts tube feeds",informational,Global,RN,"fluids-electrolytes-pharmacology","/blog/rn|/blog|/question-bank|/lessons|LESSON_SLUG_TBD needs_mapping"
"How albumin disputed resuscitation colloid vs crystalloid exam?","how-albumin-disputed-resuscitation-colloid-vs-crystalloid-exam-8","How albumin disputed resuscitation colloid vs crystalloid exam",informational,Global,RN,"fluids-electrolytes-pharmacology","/blog/rn|/blog|/question-bank|/lessons|LESSON_SLUG_TBD needs_mapping"
"Why lactated Ringer choice matters in some acid-base pictures?","why-lactated-ringer-choice-matters-in-some-acid-base-pictures-9","Why lactated Ringer choice matters in some acid-base pictures",informational,Global,RN,"fluids-electrolytes-pharmacology","/blog/rn|/blog|/question-bank|/lessons|LESSON_SLUG_TBD needs_mapping"
"Difference between isotonic hypotonic hypertonic fluid examples?","difference-between-isotonic-hypotonic-hypertonic-fluid-examples-10","Difference between isotonic hypotonic hypertonic fluid examples",informational,Global,RN,"fluids-electrolytes-pharmacology","/blog/rn|/blog|/question-bank|/lessons|LESSON_SLUG_TBD needs_mapping"
"Why preeclampsia endothelial dysfunction raises liver enzymes risk?","why-preeclampsia-endothelial-dysfunction-raises-liver-enzymes-risk","Why preeclampsia endothelial dysfunction raises liver enzymes risk",exam-prep,Global,RN,"maternity-neonatal-pathophysiology","/blog/rn|/blog|/question-bank|/lessons|LESSON_SLUG_TBD needs_mapping"
"How postpartum hemorrhage hypovolemia evolves before vitals crash?","how-postpartum-hemorrhage-hypovolemia-evolves-before-vitals-crash-2","How postpartum hemorrhage hypovolemia evolves before vitals crash",exam-prep,Global,RN,"maternity-neonatal-pathophysiology","/blog/rn|/blog|/question-bank|/lessons|LESSON_SLUG_TBD needs_mapping"
"NCLEX late decelerations uteroplacental insufficiency pattern?","nclex-late-decelerations-uteroplacental-insufficiency-pattern-3","NCLEX late decelerations uteroplacental insufficiency pattern",exam-prep,Global,RN,"maternity-neonatal-pathophysiology","/blog/rn|/blog|/question-bank|/lessons|LESSON_SLUG_TBD needs_mapping"
"What causes neonatal persistent pulmonary hypertension basics?","what-causes-neonatal-persistent-pulmonary-hypertension-basics-4","What causes neonatal persistent pulmonary hypertension basics",informational,Global,RN,"maternity-neonatal-pathophysiology","/blog/rn|/blog|/question-bank|/lessons|LESSON_SLUG_TBD needs_mapping"
"Why Rh incompatibility threatens hemolysis in newborn screen?","why-rh-incompatibility-threatens-hemolysis-in-newborn-screen-5","Why Rh incompatibility threatens hemolysis in newborn screen",informational,Global,RN,"maternity-neonatal-pathophysiology","/blog/rn|/blog|/question-bank|/lessons|LESSON_SLUG_TBD needs_mapping"
"How gestational diabetes shifts fetal growth macrosomia risk?","how-gestational-diabetes-shifts-fetal-growth-macrosomia-risk-6","How gestational diabetes shifts fetal growth macrosomia risk",informational,Global,RN,"maternity-neonatal-pathophysiology","/blog/rn|/blog|/question-bank|/lessons|LESSON_SLUG_TBD needs_mapping"
"What causes chorioamnionitis fever fetal tachycardia cluster?","what-causes-chorioamnionitis-fever-fetal-tachycardia-cluster-7","What causes chorioamnionitis fever fetal tachycardia cluster",informational,Global,RN,"maternity-neonatal-pathophysiology","/blog/rn|/blog|/question-bank|/lessons|LESSON_SLUG_TBD needs_mapping"
"Why magnesium sulfate protects neurologic preterm delivery context?","why-magnesium-sulfate-protects-neurologic-preterm-delivery-context-8","Why magnesium sulfate protects neurologic preterm delivery context",informational,Global,RN,"maternity-neonatal-pathophysiology","/blog/rn|/blog|/question-bank|/lessons|LESSON_SLUG_TBD needs_mapping"
"How shoulder dystocia compromises cord compression?","how-shoulder-dystocia-compromises-cord-compression-9","How shoulder dystocia compromises cord compression",informational,Global,RN,"maternity-neonatal-pathophysiology","/blog/rn|/blog|/question-bank|/lessons|LESSON_SLUG_TBD needs_mapping"
"Difference between early vs late postpartum bleeding causes?","difference-between-early-vs-late-postpartum-bleeding-causes-10","Difference between early vs late postpartum bleeding causes",informational,Global,RN,"maternity-neonatal-pathophysiology","/blog/rn|/blog|/question-bank|/lessons|LESSON_SLUG_TBD needs_mapping"
"Why croup stridor improves with cool mist and steroids mechanisms?","why-croup-stridor-improves-with-cool-mist-and-steroids-mechanisms","Why croup stridor improves with cool mist and steroids mechanisms",informational,Global,RN,"pediatric-pathophysiology","/blog/rn|/blog|/question-bank|/lessons|LESSON_SLUG_TBD needs_mapping"
"How bronchiolitis plugs small airways infant work of breath?","how-bronchiolitis-plugs-small-airways-infant-work-of-breath-2","How bronchiolitis plugs small airways infant work of breath",informational,Global,RN,"pediatric-pathophysiology","/blog/rn|/blog|/question-bank|/lessons|LESSON_SLUG_TBD needs_mapping"
"NCLEX dehydration skin tent vs fontanelle infants?","nclex-dehydration-skin-tent-vs-fontanelle-infants-3","NCLEX dehydration skin tent vs fontanelle infants",exam-prep,Global,RN,"pediatric-pathophysiology","/blog/rn|/blog|/question-bank|/lessons|LESSON_SLUG_TBD needs_mapping"
"What causes Kawasaki fever and why coronary arteries matter?","what-causes-kawasaki-fever-and-why-coronary-arteries-matter-4","What causes Kawasaki fever and why coronary arteries matter",informational,Global,RN,"pediatric-pathophysiology","/blog/rn|/blog|/question-bank|/lessons|LESSON_SLUG_TBD needs_mapping"
"Why intussusception causes currant jelly stool classic cue?","why-intussusception-causes-currant-jelly-stool-classic-cue-5","Why intussusception causes currant jelly stool classic cue",informational,Global,RN,"pediatric-pathophysiology","/blog/rn|/blog|/question-bank|/lessons|LESSON_SLUG_TBD needs_mapping"
"How RSV winter peaks strain pediatric units nursing surge?","how-rsv-winter-peaks-strain-pediatric-units-nursing-surge-6","How RSV winter peaks strain pediatric units nursing surge",informational,Global,RN,"pediatric-pathophysiology","/blog/rn|/blog|/question-bank|/lessons|LESSON_SLUG_TBD needs_mapping"
"What causes febrile seizures benign vs emergency features?","what-causes-febrile-seizures-benign-vs-emergency-features-7","What causes febrile seizures benign vs emergency features",informational,Global,RN,"pediatric-pathophysiology","/blog/rn|/blog|/question-bank|/lessons|LESSON_SLUG_TBD needs_mapping"
"Why pyloric stenosis projectile non bilious vomiting pattern?","why-pyloric-stenosis-projectile-non-bilious-vomiting-pattern-8","Why pyloric stenosis projectile non bilious vomiting pattern",informational,Global,RN,"pediatric-pathophysiology","/blog/rn|/blog|/question-bank|/lessons|LESSON_SLUG_TBD needs_mapping"
"How juvenile idiopathic arthritis differs from growing pains story?","how-juvenile-idiopathic-arthritis-differs-from-growing-pains-story-9","How juvenile idiopathic arthritis differs from growing pains story",informational,Global,RN,"pediatric-pathophysiology","/blog/rn|/blog|/question-bank|/lessons|LESSON_SLUG_TBD needs_mapping"
"Difference between croup epiglottitis speed presentation modern lens?","difference-between-croup-epiglottitis-speed-presentation-modern-lens-10","Difference between croup epiglottitis speed presentation modern lens",informational,Global,RN,"pediatric-pathophysiology","/blog/rn|/blog|/question-bank|/lessons|LESSON_SLUG_TBD needs_mapping"
"Why Beers criteria flag risky anticholinergics in elderly NCLEX?","why-beers-criteria-flag-risky-anticholinergics-in-elderly-nclex","Why Beers criteria flag risky anticholinergics in elderly NCLEX",exam-prep,Global,RN,"gerontology-polypharmacy","/blog/rn|/blog|/question-bank|/lessons|LESSON_SLUG_TBD needs_mapping"
"How fall risk rises with sedatives plus orthostatic hypotension?","how-fall-risk-rises-with-sedatives-plus-orthostatic-hypotension-2","How fall risk rises with sedatives plus orthostatic hypotension",informational,Global,RN,"gerontology-polypharmacy","/blog/rn|/blog|/question-bank|/lessons|LESSON_SLUG_TBD needs_mapping"
"NCLEX teach-back gaps with low health literacy discharge safety?","nclex-teach-back-gaps-with-low-health-literacy-discharge-safety-3","NCLEX teach-back gaps with low health literacy discharge safety",exam-prep,Global,RN,"gerontology-polypharmacy","/blog/rn|/blog|/question-bank|/lessons|LESSON_SLUG_TBD needs_mapping"
"What causes delirium reversible triggers vs dementia slower course?","what-causes-delirium-reversible-triggers-vs-dementia-slower-course-4","What causes delirium reversible triggers vs dementia slower course",informational,Global,RN,"gerontology-polypharmacy","/blog/rn|/blog|/question-bank|/lessons|LESSON_SLUG_TBD needs_mapping"
"Why renal dosing errors hit older adults on many drugs?","why-renal-dosing-errors-hit-older-adults-on-many-drugs-5","Why renal dosing errors hit older adults on many drugs",informational,Global,RN,"gerontology-polypharmacy","/blog/rn|/blog|/question-bank|/lessons|LESSON_SLUG_TBD needs_mapping"
"How polypharmacy cascades new drugs fixing side effects loops?","how-polypharmacy-cascades-new-drugs-fixing-side-effects-loops-6","How polypharmacy cascades new drugs fixing side effects loops",informational,Global,RN,"gerontology-polypharmacy","/blog/rn|/blog|/question-bank|/lessons|LESSON_SLUG_TBD needs_mapping"
"What causes orthostatic vitals technique nursing must standardize?","what-causes-orthostatic-vitals-technique-nursing-must-standardize-7","What causes orthostatic vitals technique nursing must standardize",informational,Global,RN,"gerontology-polypharmacy","/blog/rn|/blog|/question-bank|/lessons|LESSON_SLUG_TBD needs_mapping"
"Why antipsychotics in dementia need indication caution black box?","why-antipsychotics-in-dementia-need-indication-caution-black-box-8","Why antipsychotics in dementia need indication caution black box",informational,Global,RN,"gerontology-polypharmacy","/blog/rn|/blog|/question-bank|/lessons|LESSON_SLUG_TBD needs_mapping"
"How glycemic targets loosen when hypoglycemia risk dominates age?","how-glycemic-targets-loosen-when-hypoglycemia-risk-dominates-age-9","How glycemic targets loosen when hypoglycemia risk dominates age",informational,Global,RN,"gerontology-polypharmacy","/blog/rn|/blog|/question-bank|/lessons|LESSON_SLUG_TBD needs_mapping"
"Difference between age-related pharmacokinetics vs poor adherence stories?","difference-between-age-related-pharmacokinetics-vs-poor-adherence-stories-10","Difference between age-related pharmacokinetics vs poor adherence stories",informational,Global,RN,"gerontology-polypharmacy","/blog/rn|/blog|/question-bank|/lessons|LESSON_SLUG_TBD needs_mapping"
"How 5HT3 antagonists like ondansetron reduce chemo nausea pathway?","how-5ht3-antagonists-like-ondansetron-reduce-chemo-nausea-pathway","How 5HT3 antagonists like ondansetron reduce chemo nausea pathway",informational,Global,RN,"oncology-supportive-pharmacology","/blog/rn|/blog|/question-bank|/lessons|LESSON_SLUG_TBD needs_mapping"
"Why dexamethasone pairs with antiemetics in many regimens?","why-dexamethasone-pairs-with-antiemetics-in-many-regimens-2","Why dexamethasone pairs with antiemetics in many regimens",informational,Global,RN,"oncology-supportive-pharmacology","/blog/rn|/blog|/question-bank|/lessons|LESSON_SLUG_TBD needs_mapping"
"NCLEX extravasation stop infusion escalate oncology emergency?","nclex-extravasation-stop-infusion-escalate-oncology-emergency-3","NCLEX extravasation stop infusion escalate oncology emergency",exam-prep,Global,RN,"oncology-supportive-pharmacology","/blog/rn|/blog|/question-bank|/lessons|LESSON_SLUG_TBD needs_mapping"
"What causes mucositis pain spikes between chemo cycles?","what-causes-mucositis-pain-spikes-between-chemo-cycles-4","What causes mucositis pain spikes between chemo cycles",informational,Global,RN,"oncology-supportive-pharmacology","/blog/rn|/blog|/question-bank|/lessons|LESSON_SLUG_TBD needs_mapping"
"How filgrastim shortens neutropenia after marrow suppression?","how-filgrastim-shortens-neutropenia-after-marrow-suppression-5","How filgrastim shortens neutropenia after marrow suppression",informational,Global,RN,"oncology-supportive-pharmacology","/blog/rn|/blog|/question-bank|/lessons|LESSON_SLUG_TBD needs_mapping"
"Why allopurinol precedes tumor lysis prophylaxis in some protocols?","why-allopurinol-precedes-tumor-lysis-prophylaxis-in-some-protocols-6","Why allopurinol precedes tumor lysis prophylaxis in some protocols",informational,Global,RN,"oncology-supportive-pharmacology","/blog/rn|/blog|/question-bank|/lessons|LESSON_SLUG_TBD needs_mapping"
"What causes immunotherapy colitis immune activation paradox?","what-causes-immunotherapy-colitis-immune-activation-paradox-7","What causes immunotherapy colitis immune activation paradox",informational,Global,RN,"oncology-supportive-pharmacology","/blog/rn|/blog|/question-bank|/lessons|LESSON_SLUG_TBD needs_mapping"
"How opioid rotation helps refractory cancer pain tolerance?","how-opioid-rotation-helps-refractory-cancer-pain-tolerance-8","How opioid rotation helps refractory cancer pain tolerance",informational,Global,RN,"oncology-supportive-pharmacology","/blog/rn|/blog|/question-bank|/lessons|LESSON_SLUG_TBD needs_mapping"
"Why anthracycline lifetime dose caps cardiotoxicity cumulative?","why-anthracycline-lifetime-dose-caps-cardiotoxicity-cumulative-9","Why anthracycline lifetime dose caps cardiotoxicity cumulative",informational,Global,RN,"oncology-supportive-pharmacology","/blog/rn|/blog|/question-bank|/lessons|LESSON_SLUG_TBD needs_mapping"
"Difference between palliative sedation and euthanasia ethics clarity?","difference-between-palliative-sedation-and-euthanasia-ethics-clarity-10","Difference between palliative sedation and euthanasia ethics clarity",informational,Global,RN,"oncology-supportive-pharmacology","/blog/rn|/blog|/question-bank|/lessons|LESSON_SLUG_TBD needs_mapping"
"Why ARDS recruits poorly and needs lung protective ventilation?","why-ards-recruits-poorly-and-needs-lung-protective-ventilation","Why ARDS recruits poorly and needs lung protective ventilation",exam-prep,Global,RN,"critical-care-pathophysiology","/blog/rn|/blog|/question-bank|/lessons|LESSON_SLUG_TBD needs_mapping"
"How vasopressor choice differs septic vs cardiogenic shock maps?","how-vasopressor-choice-differs-septic-vs-cardiogenic-shock-maps-2","How vasopressor choice differs septic vs cardiogenic shock maps",exam-prep,Global,RN,"critical-care-pathophysiology","/blog/rn|/blog|/question-bank|/lessons|LESSON_SLUG_TBD needs_mapping"
"NCLEX ICP nursing head midline avoid Valsalva cues?","nclex-icp-nursing-head-midline-avoid-valsalva-cues-3","NCLEX ICP nursing head midline avoid Valsalva cues",exam-prep,Global,RN,"critical-care-pathophysiology","/blog/rn|/blog|/question-bank|/lessons|LESSON_SLUG_TBD needs_mapping"
"What causes abdominal compartment syndrome rising peak pressures?","what-causes-abdominal-compartment-syndrome-rising-peak-pressures-4","What causes abdominal compartment syndrome rising peak pressures",informational,Global,RN,"critical-care-pathophysiology","/blog/rn|/blog|/question-bank|/lessons|LESSON_SLUG_TBD needs_mapping"
"Why delirium bundles reduce ventilator days bundled care?","why-delirium-bundles-reduce-ventilator-days-bundled-care-5","Why delirium bundles reduce ventilator days bundled care",informational,Global,RN,"critical-care-pathophysiology","/blog/rn|/blog|/question-bank|/lessons|LESSON_SLUG_TBD needs_mapping"
"How CRRT clears uremia slowly vs hemodialysis rapid shifts?","how-crrt-clears-uremia-slowly-vs-hemodialysis-rapid-shifts-6","How CRRT clears uremia slowly vs hemodialysis rapid shifts",informational,Global,RN,"critical-care-pathophysiology","/blog/rn|/blog|/question-bank|/lessons|LESSON_SLUG_TBD needs_mapping"
"What causes stress ulcer prophylaxis debates in ICU nuance?","what-causes-stress-ulcer-prophylaxis-debates-in-icu-nuance-7","What causes stress ulcer prophylaxis debates in ICU nuance",informational,Global,RN,"critical-care-pathophysiology","/blog/rn|/blog|/question-bank|/lessons|LESSON_SLUG_TBD needs_mapping"
"Why permissive hypercapnia sometimes trades pH for barotrauma?","why-permissive-hypercapnia-sometimes-trades-ph-for-barotrauma-8","Why permissive hypercapnia sometimes trades pH for barotrauma",informational,Global,RN,"critical-care-pathophysiology","/blog/rn|/blog|/question-bank|/lessons|LESSON_SLUG_TBD needs_mapping"
"How lactate clearance guides sepsis bundle reassessment?","how-lactate-clearance-guides-sepsis-bundle-reassessment-9","How lactate clearance guides sepsis bundle reassessment",informational,Global,RN,"critical-care-pathophysiology","/blog/rn|/blog|/question-bank|/lessons|LESSON_SLUG_TBD needs_mapping"
"Difference between preload responsiveness fluid challenge vs overload?","difference-between-preload-responsiveness-fluid-challenge-vs-overload-10","Difference between preload responsiveness fluid challenge vs overload",informational,Global,RN,"critical-care-pathophysiology","/blog/rn|/blog|/question-bank|/lessons|LESSON_SLUG_TBD needs_mapping"
"How chronic wounds stall in diabetes perfusion and infection loop?","how-chronic-wounds-stall-in-diabetes-perfusion-and-infection-loop","How chronic wounds stall in diabetes perfusion and infection loop",informational,Global,PN,"pncan-pathophysiology","/nursing/pn/blog|/blog|/question-bank|LESSON_SLUG_TBD needs_mapping"
"NCLEX REx-PN delegation stable vs unstable patient boundary?","nclex-rex-pn-delegation-stable-vs-unstable-patient-boundary-2","NCLEX REx-PN delegation stable vs unstable patient boundary",exam-prep,Global,PN,"pncan-pathophysiology","/nursing/pn/blog|/blog|/question-bank|LESSON_SLUG_TBD needs_mapping"
"Why foot checks matter daily with neuropathy silent injury?","why-foot-checks-matter-daily-with-neuropathy-silent-injury-3","Why foot checks matter daily with neuropathy silent injury",informational,Global,PN,"pncan-pathophysiology","/nursing/pn/blog|/blog|/question-bank|LESSON_SLUG_TBD needs_mapping"
"What causes aspiration risk with dysphagia stroke patients?","what-causes-aspiration-risk-with-dysphagia-stroke-patients-4","What causes aspiration risk with dysphagia stroke patients",informational,Global,PN,"pncan-pathophysiology","/nursing/pn/blog|/blog|/question-bank|LESSON_SLUG_TBD needs_mapping"
"How colostomy skin protection prevents costly complications?","how-colostomy-skin-protection-prevents-costly-complications-5","How colostomy skin protection prevents costly complications",informational,Global,PN,"pncan-pathophysiology","/nursing/pn/blog|/blog|/question-bank|LESSON_SLUG_TBD needs_mapping"
"Why vital sign trends beat single spot check in LTC?","why-vital-sign-trends-beat-single-spot-check-in-ltc-6","Why vital sign trends beat single spot check in LTC",informational,Global,PN,"pncan-pathophysiology","/nursing/pn/blog|/blog|/question-bank|LESSON_SLUG_TBD needs_mapping"
"What causes UTIs to recur in catheterized patients nursing bundle?","what-causes-utis-to-recur-in-catheterized-patients-nursing-bundle-7","What causes UTIs to recur in catheterized patients nursing bundle",informational,Global,PN,"pncan-pathophysiology","/nursing/pn/blog|/blog|/question-bank|LESSON_SLUG_TBD needs_mapping"
"How restorative aide programs differ from true skilled delegation?","how-restorative-aide-programs-differ-from-true-skilled-delegation-8","How restorative aide programs differ from true skilled delegation",informational,Global,PN,"pncan-pathophysiology","/nursing/pn/blog|/blog|/question-bank|LESSON_SLUG_TBD needs_mapping"
"Why medication patches need rotation sites absorption skin integrity?","why-medication-patches-need-rotation-sites-absorption-skin-integrity-9","Why medication patches need rotation sites absorption skin integrity",informational,Global,PN,"pncan-pathophysiology","/nursing/pn/blog|/blog|/question-bank|LESSON_SLUG_TBD needs_mapping"
"Difference between UTI symptoms older adults muted presentation?","difference-between-uti-symptoms-older-adults-muted-presentation-10","Difference between UTI symptoms older adults muted presentation",informational,Global,PN,"pncan-pathophysiology","/nursing/pn/blog|/blog|/question-bank|LESSON_SLUG_TBD needs_mapping"
"How apixaban renal adjustment changes with creatinine clearance bands?","how-apixaban-renal-adjustment-changes-with-creatinine-clearance-bands","How apixaban renal adjustment changes with creatinine clearance bands",informational,Global,NP,"np-advanced-pharmacology","/nursing/np/blog|/blog|LESSON_SLUG_TBD needs_mapping"
"Why GLP-1 choice weighs CV outcomes trials primary care lens?","why-glp-1-choice-weighs-cv-outcomes-trials-primary-care-lens-2","Why GLP-1 choice weighs CV outcomes trials primary care lens",informational,Global,NP,"np-advanced-pharmacology","/nursing/np/blog|/blog|LESSON_SLUG_TBD needs_mapping"
"What causes ACE cough vs angioedema rapid triage differences?","what-causes-ace-cough-vs-angioedema-rapid-triage-differences-3","What causes ACE cough vs angioedema rapid triage differences",informational,Global,NP,"np-advanced-pharmacology","/nursing/np/blog|/blog|LESSON_SLUG_TBD needs_mapping"
"How spironolactone guides HFpEF evidence nuance overview nursing-led?","how-spironolactone-guides-hfpef-evidence-nuance-overview-nursing-led-4","How spironolactone guides HFpEF evidence nuance overview nursing-led",informational,Global,NP,"np-advanced-pharmacology","/nursing/np/blog|/blog|LESSON_SLUG_TBD needs_mapping"
"Why DOAC reversal agents exist only for specific agents contexts?","why-doac-reversal-agents-exist-only-for-specific-agents-contexts-5","Why DOAC reversal agents exist only for specific agents contexts",informational,Global,NP,"np-advanced-pharmacology","/nursing/np/blog|/blog|LESSON_SLUG_TBD needs_mapping"
"How starting levothyroxine cautiously in elderly avoids angina?","how-starting-levothyroxine-cautiously-in-elderly-avoids-angina-6","How starting levothyroxine cautiously in elderly avoids angina",informational,Global,NP,"np-advanced-pharmacology","/nursing/np/blog|/blog|LESSON_SLUG_TBD needs_mapping"
"What causes opioid-induced constipation when stimulants help choice?","what-causes-opioid-induced-constipation-when-stimulants-help-choice-7","What causes opioid-induced constipation when stimulants help choice",informational,Global,NP,"np-advanced-pharmacology","/nursing/np/blog|/blog|LESSON_SLUG_TBD needs_mapping"
"Why pregabalin renal dosing reduces sedation falls elderly?","why-pregabalin-renal-dosing-reduces-sedation-falls-elderly-8","Why pregabalin renal dosing reduces sedation falls elderly",informational,Global,NP,"np-advanced-pharmacology","/nursing/np/blog|/blog|LESSON_SLUG_TBD needs_mapping"
"How combination inhalers ICS LABA step therapy asthma control?","how-combination-inhalers-ics-laba-step-therapy-asthma-control-9","How combination inhalers ICS LABA step therapy asthma control",informational,Global,NP,"np-advanced-pharmacology","/nursing/np/blog|/blog|LESSON_SLUG_TBD needs_mapping"
"Difference between screening vs diagnostic A1c interpretation misuse?","difference-between-screening-vs-diagnostic-a1c-interpretation-misuse-10","Difference between screening vs diagnostic A1c interpretation misuse",informational,Global,NP,"np-advanced-pharmacology","/nursing/np/blog|/blog|LESSON_SLUG_TBD needs_mapping"
"Why does left-sided heart failure cause pulmonary congestion (for nursing students)?","why-does-left-sided-heart-failure-cause-pulmonary-congestion-for-nursing-students-0","Why does left-sided heart failure cause pulmonary congestion for nursing students",informational,Global,RN,"cardiovascular-pathophysiology","/blog/rn|/blog|/question-bank|/lessons|LESSON_SLUG_TBD needs_mapping"
"How beta-blockers blunt the sympathetic storm in ACS (for nursing students)?","how-beta-blockers-blunt-the-sympathetic-storm-in-acs-2-for-nursing-students-1","How beta-blockers blunt the sympathetic storm in ACS for nursing students",informational,Global,RN,"cardiovascular-pathophysiology","/blog/rn|/blog|/question-bank|/lessons|LESSON_SLUG_TBD needs_mapping"
"What causes crackles on exam in fluid overload NCLEX style (for nursing students)?","what-causes-crackles-on-exam-in-fluid-overload-nclex-style-3-for-nursing-students-2","What causes crackles on exam in fluid overload NCLEX style for nursing students",exam-prep,Global,RN,"cardiovascular-pathophysiology","/blog/rn|/blog|/question-bank|/lessons|LESSON_SLUG_TBD needs_mapping"
"Difference between preload and afterload for nursing students (for nursing students)?","difference-between-preload-and-afterload-for-nursing-students-4-for-nursing-students-3","Difference between preload and afterload for nursing students for nursing students",informational,Global,RN,"cardiovascular-pathophysiology","/blog/rn|/blog|/question-bank|/lessons|LESSON_SLUG_TBD needs_mapping"
"Why is digoxin toxicity a priority when nausea and bradycardia appear (for nursing students)?","why-is-digoxin-toxicity-a-priority-when-nausea-and-bradycardia-appear-5-for-nursing-students-4","Why is digoxin toxicity a priority when nausea and bradycardia appear for nursing students",clinical-prioritization,Global,RN,"cardiovascular-pathophysiology","/blog/rn|/blog|/question-bank|/lessons|LESSON_SLUG_TBD needs_mapping"
"NCLEX trap atrial fibrillation with RVR first intervention (for nursing students)?","nclex-trap-atrial-fibrillation-with-rvr-first-intervention-6-for-nursing-students-5","NCLEX trap atrial fibrillation with RVR first intervention for nursing students",exam-prep,Global,RN,"cardiovascular-pathophysiology","/blog/rn|/blog|/question-bank|/lessons|LESSON_SLUG_TBD needs_mapping"
"How nitroglycerin reduces myocardial oxygen demand explained (for nursing students)?","how-nitroglycerin-reduces-myocardial-oxygen-demand-explained-7-for-nursing-students-6","How nitroglycerin reduces myocardial oxygen demand explained for nursing students",informational,Global,RN,"cardiovascular-pathophysiology","/blog/rn|/blog|/question-bank|/lessons|LESSON_SLUG_TBD needs_mapping"
"What causes pulsus paradoxus in pericardial tamponade (for nursing students)?","what-causes-pulsus-paradoxus-in-pericardial-tamponade-8-for-nursing-students-7","What causes pulsus paradoxus in pericardial tamponade for nursing students",informational,Global,RN,"cardiovascular-pathophysiology","/blog/rn|/blog|/question-bank|/lessons|LESSON_SLUG_TBD needs_mapping"
"Why ACE inhibitors can worsen acute kidney injury in some patients (for nursing students)?","why-ace-inhibitors-can-worsen-acute-kidney-injury-in-some-patients-9-for-nursing-students-8","Why ACE inhibitors can worsen acute kidney injury in some patients for nursing students",informational,Global,RN,"cardiovascular-pathophysiology","/blog/rn|/blog|/question-bank|/lessons|LESSON_SLUG_TBD needs_mapping"
"How vasodilators affect afterload in systolic heart failure (for nursing students)?","how-vasodilators-affect-afterload-in-systolic-heart-failure-10-for-nursing-students-9","How vasodilators affect afterload in systolic heart failure for nursing students",informational,Global,RN,"cardiovascular-pathophysiology","/blog/rn|/blog|/question-bank|/lessons|LESSON_SLUG_TBD needs_mapping"
"Why COPD patients retain CO2 and what it means for oxygen NCLEX (for nursing students)?","why-copd-patients-retain-co2-and-what-it-means-for-oxygen-nclex-for-nursing-students-10","Why COPD patients retain CO2 and what it means for oxygen NCLEX for nursing students",exam-prep,Global,RN,"respiratory-pathophysiology","/blog/rn|/blog|/question-bank|/lessons|LESSON_SLUG_TBD needs_mapping"
"How asthma bronchospasm differs from emphysema destruction pattern (for nursing students)?","how-asthma-bronchospasm-differs-from-emphysema-destruction-pattern-2-for-nursing-students-11","How asthma bronchospasm differs from emphysema destruction pattern for nursing students",informational,Global,RN,"respiratory-pathophysiology","/blog/rn|/blog|/question-bank|/lessons|LESSON_SLUG_TBD needs_mapping"
"What causes Kussmaul breathing in metabolic acidosis (for nursing students)?","what-causes-kussmaul-breathing-in-metabolic-acidosis-3-for-nursing-students-12","What causes Kussmaul breathing in metabolic acidosis for nursing students",informational,Global,RN,"respiratory-pathophysiology","/blog/rn|/blog|/question-bank|/lessons|LESSON_SLUG_TBD needs_mapping"
"NCLEX priority for tension pneumothorax before imaging (for nursing students)?","nclex-priority-for-tension-pneumothorax-before-imaging-4-for-nursing-students-13","NCLEX priority for tension pneumothorax before imaging for nursing students",exam-prep,Global,RN,"respiratory-pathophysiology","/blog/rn|/blog|/question-bank|/lessons|LESSON_SLUG_TBD needs_mapping"
"Why pulmonary embolism causes sudden hypoxia without wheeze (for nursing students)?","why-pulmonary-embolism-causes-sudden-hypoxia-without-wheeze-5-for-nursing-students-14","Why pulmonary embolism causes sudden hypoxia without wheeze for nursing students",informational,Global,RN,"respiratory-pathophysiology","/blog/rn|/blog|/question-bank|/lessons|LESSON_SLUG_TBD needs_mapping"
"How VQ mismatch explains refractory hypoxemia basics (for nursing students)?","how-vq-mismatch-explains-refractory-hypoxemia-basics-6-for-nursing-students-15","How VQ mismatch explains refractory hypoxemia basics for nursing students",informational,Global,RN,"respiratory-pathophysiology","/blog/rn|/blog|/question-bank|/lessons|LESSON_SLUG_TBD needs_mapping"
"What causes pleuritic chest pain in pneumonia vs PE (for nursing students)?","what-causes-pleuritic-chest-pain-in-pneumonia-vs-pe-7-for-nursing-students-16","What causes pleuritic chest pain in pneumonia vs PE for nursing students",informational,Global,RN,"respiratory-pathophysiology","/blog/rn|/blog|/question-bank|/lessons|LESSON_SLUG_TBD needs_mapping"
"Why high-flow nasal cannula helps work of breathing (for nursing students)?","why-high-flow-nasal-cannula-helps-work-of-breathing-8-for-nursing-students-17","Why high-flow nasal cannula helps work of breathing for nursing students",informational,Global,RN,"respiratory-pathophysiology","/blog/rn|/blog|/question-bank|/lessons|LESSON_SLUG_TBD needs_mapping"
"How alveolar collapse leads to atelectasis on auscultation (for nursing students)?","how-alveolar-collapse-leads-to-atelectasis-on-auscultation-9-for-nursing-students-18","How alveolar collapse leads to atelectasis on auscultation for nursing students",informational,Global,RN,"respiratory-pathophysiology","/blog/rn|/blog|/question-bank|/lessons|LESSON_SLUG_TBD needs_mapping"
"Difference between restrictive and obstructive patterns quick check (for nursing students)?","difference-between-restrictive-and-obstructive-patterns-quick-check-10-for-nursing-students-19","Difference between restrictive and obstructive patterns quick check for nursing students",informational,Global,RN,"respiratory-pathophysiology","/blog/rn|/blog|/question-bank|/lessons|LESSON_SLUG_TBD needs_mapping"
"Why hyperkalemia peaks T waves on ECG pathophysiology (for nursing students)?","why-hyperkalemia-peaks-t-waves-on-ecg-pathophysiology-for-nursing-students-20","Why hyperkalemia peaks T waves on ECG pathophysiology for nursing students",informational,Global,RN,"renal-electrolyte-pathophysiology","/blog/rn|/blog|/question-bank|/lessons|LESSON_SLUG_TBD needs_mapping"
"How loop diuretics cause hypokalemia and what to monitor (for nursing students)?","how-loop-diuretics-cause-hypokalemia-and-what-to-monitor-2-for-nursing-students-21","How loop diuretics cause hypokalemia and what to monitor for nursing students",informational,Global,RN,"renal-electrolyte-pathophysiology","/blog/rn|/blog|/question-bank|/lessons|LESSON_SLUG_TBD needs_mapping"
"NCLEX first action symptomatic hyperkalemia with peaked T waves (for nursing students)?","nclex-first-action-symptomatic-hyperkalemia-with-peaked-t-waves-3-for-nursing-students-22","NCLEX first action symptomatic hyperkalemia with peaked T waves for nursing students",exam-prep,Global,RN,"renal-electrolyte-pathophysiology","/blog/rn|/blog|/question-bank|/lessons|LESSON_SLUG_TBD needs_mapping"
"What causes metabolic alkalosis from vomiting chloride loss (for nursing students)?","what-causes-metabolic-alkalosis-from-vomiting-chloride-loss-4-for-nursing-students-23","What causes metabolic alkalosis from vomiting chloride loss for nursing students",informational,Global,RN,"renal-electrolyte-pathophysiology","/blog/rn|/blog|/question-bank|/lessons|LESSON_SLUG_TBD needs_mapping"
"Why ARF oliguria raises creatinine faster than you expect (for nursing students)?","why-arf-oliguria-raises-creatinine-faster-than-you-expect-5-for-nursing-students-24","Why ARF oliguria raises creatinine faster than you expect for nursing students",informational,Global,RN,"renal-electrolyte-pathophysiology","/blog/rn|/blog|/question-bank|/lessons|LESSON_SLUG_TBD needs_mapping"
"How SIADH dilutes sodium and why fluid restriction helps (for nursing students)?","how-siadh-dilutes-sodium-and-why-fluid-restriction-helps-6-for-nursing-students-25","How SIADH dilutes sodium and why fluid restriction helps for nursing students",informational,Global,RN,"renal-electrolyte-pathophysiology","/blog/rn|/blog|/question-bank|/lessons|LESSON_SLUG_TBD needs_mapping"
"Difference between prerenal vs intrarenal AKI clues at bedside (for nursing students)?","difference-between-prerenal-vs-intrarenal-aki-clues-at-bedside-7-for-nursing-students-26","Difference between prerenal vs intrarenal AKI clues at bedside for nursing students",informational,Global,RN,"renal-electrolyte-pathophysiology","/blog/rn|/blog|/question-bank|/lessons|LESSON_SLUG_TBD needs_mapping"
"Why nephrotoxic drugs matter more when elderly or dehydrated (for nursing students)?","why-nephrotoxic-drugs-matter-more-when-elderly-or-dehydrated-8-for-nursing-students-27","Why nephrotoxic drugs matter more when elderly or dehydrated for nursing students",informational,Global,RN,"renal-electrolyte-pathophysiology","/blog/rn|/blog|/question-bank|/lessons|LESSON_SLUG_TBD needs_mapping"
"What causes phosphate rise in acute kidney injury (for nursing students)?","what-causes-phosphate-rise-in-acute-kidney-injury-9-for-nursing-students-28","What causes phosphate rise in acute kidney injury for nursing students",informational,Global,RN,"renal-electrolyte-pathophysiology","/blog/rn|/blog|/question-bank|/lessons|LESSON_SLUG_TBD needs_mapping"
"How bicarbonate shifts in DKA during treatment nursing watch (for nursing students)?","how-bicarbonate-shifts-in-dka-during-treatment-nursing-watch-10-for-nursing-students-29","How bicarbonate shifts in DKA during treatment nursing watch for nursing students",informational,Global,RN,"renal-electrolyte-pathophysiology","/blog/rn|/blog|/question-bank|/lessons|LESSON_SLUG_TBD needs_mapping"
"Why DKA smells fruity and why K can fall during insulin therapy (for nursing students)?","why-dka-smells-fruity-and-why-k-can-fall-during-insulin-therapy-for-nursing-students-30","Why DKA smells fruity and why K can fall during insulin therapy for nursing students",exam-prep,Global,RN,"endocrine-metabolic-pathophysiology","/blog/rn|/blog|/question-bank|/lessons|LESSON_SLUG_TBD needs_mapping"
"How thyroid storm differs from uncomplicated hyperthyroidism NCLEX (for nursing students)?","how-thyroid-storm-differs-from-uncomplicated-hyperthyroidism-nclex-2-for-nursing-students-31","How thyroid storm differs from uncomplicated hyperthyroidism NCLEX for nursing students",exam-prep,Global,RN,"endocrine-metabolic-pathophysiology","/blog/rn|/blog|/question-bank|/lessons|LESSON_SLUG_TBD needs_mapping"
"What causes myxedema coma cold intolerance and hypotension (for nursing students)?","what-causes-myxedema-coma-cold-intolerance-and-hypotension-3-for-nursing-students-32","What causes myxedema coma cold intolerance and hypotension for nursing students",informational,Global,RN,"endocrine-metabolic-pathophysiology","/blog/rn|/blog|/question-bank|/lessons|LESSON_SLUG_TBD needs_mapping"
"Why cortisol excess raises glucose and infection risk (for nursing students)?","why-cortisol-excess-raises-glucose-and-infection-risk-4-for-nursing-students-33","Why cortisol excess raises glucose and infection risk for nursing students",informational,Global,RN,"endocrine-metabolic-pathophysiology","/blog/rn|/blog|/question-bank|/lessons|LESSON_SLUG_TBD needs_mapping"
"NCLEX pitfall hypoglycemia unconscious patient first step (NCLEX style)?","nclex-pitfall-hypoglycemia-unconscious-patient-first-step-5-nclex-style-34","NCLEX pitfall hypoglycemia unconscious patient first step NCLEX style",exam-prep,Global,RN,"endocrine-metabolic-pathophysiology","/blog/rn|/blog|/question-bank|/lessons|LESSON_SLUG_TBD needs_mapping"
"How insulin resistance progresses before type 2 diabetes peaks (NCLEX style)?","how-insulin-resistance-progresses-before-type-2-diabetes-peaks-6-nclex-style-35","How insulin resistance progresses before type 2 diabetes peaks NCLEX style",informational,Global,RN,"endocrine-metabolic-pathophysiology","/blog/rn|/blog|/question-bank|/lessons|LESSON_SLUG_TBD needs_mapping"
"What causes dawn phenomenon vs Somogyi nursing differentiation (NCLEX style)?","what-causes-dawn-phenomenon-vs-somogyi-nursing-differentiation-7-nclex-style-36","What causes dawn phenomenon vs Somogyi nursing differentiation NCLEX style",informational,Global,RN,"endocrine-metabolic-pathophysiology","/blog/rn|/blog|/question-bank|/lessons|LESSON_SLUG_TBD needs_mapping"
"Why glucagon raises blood sugar when no carbs are eaten (NCLEX style)?","why-glucagon-raises-blood-sugar-when-no-carbs-are-eaten-8-nclex-style-37","Why glucagon raises blood sugar when no carbs are eaten NCLEX style",informational,Global,RN,"endocrine-metabolic-pathophysiology","/blog/rn|/blog|/question-bank|/lessons|LESSON_SLUG_TBD needs_mapping"
"How SIADH vs diabetes insipidus sodium trends differ (NCLEX style)?","how-siadh-vs-diabetes-insipidus-sodium-trends-differ-9-nclex-style-38","How SIADH vs diabetes insipidus sodium trends differ NCLEX style",informational,Global,RN,"endocrine-metabolic-pathophysiology","/blog/rn|/blog|/question-bank|/lessons|LESSON_SLUG_TBD needs_mapping"
"What causes thyroid hormone spikes after iodine contrast worry (NCLEX style)?","what-causes-thyroid-hormone-spikes-after-iodine-contrast-worry-10-nclex-style-39","What causes thyroid hormone spikes after iodine contrast worry NCLEX style",informational,Global,RN,"endocrine-metabolic-pathophysiology","/blog/rn|/blog|/question-bank|/lessons|LESSON_SLUG_TBD needs_mapping"
"Why portal hypertension causes esophageal varices bleeding risk (NCLEX style)?","why-portal-hypertension-causes-esophageal-varices-bleeding-risk-nclex-style-40","Why portal hypertension causes esophageal varices bleeding risk NCLEX style",informational,Global,RN,"gi-hepatic-pathophysiology","/blog/rn|/blog|/question-bank|/lessons|LESSON_SLUG_TBD needs_mapping"
"How hepatitis inflammation raises ALT patterns nursing notes (NCLEX style)?","how-hepatitis-inflammation-raises-alt-patterns-nursing-notes-2-nclex-style-41","How hepatitis inflammation raises ALT patterns nursing notes NCLEX style",informational,Global,RN,"gi-hepatic-pathophysiology","/blog/rn|/blog|/question-bank|/lessons|LESSON_SLUG_TBD needs_mapping"
"NCLEX priority acute upper GI bleed stable airway assessment (NCLEX style)?","nclex-priority-acute-upper-gi-bleed-stable-airway-assessment-3-nclex-style-42","NCLEX priority acute upper GI bleed stable airway assessment NCLEX style",exam-prep,Global,RN,"gi-hepatic-pathophysiology","/blog/rn|/blog|/question-bank|/lessons|LESSON_SLUG_TBD needs_mapping"
"What causes paralytic ileus after major surgery (NCLEX style)?","what-causes-paralytic-ileus-after-major-surgery-4-nclex-style-43","What causes paralytic ileus after major surgery NCLEX style",informational,Global,RN,"gi-hepatic-pathophysiology","/blog/rn|/blog|/question-bank|/lessons|LESSON_SLUG_TBD needs_mapping"
"Why pancreatitis pain radiates to the back pathophysiology (NCLEX style)?","why-pancreatitis-pain-radiates-to-the-back-pathophysiology-5-nclex-style-44","Why pancreatitis pain radiates to the back pathophysiology NCLEX style",informational,Global,RN,"gi-hepatic-pathophysiology","/blog/rn|/blog|/question-bank|/lessons|LESSON_SLUG_TBD needs_mapping"
"How lactulose helps hepatic encephalopathy mechanism (NCLEX style)?","how-lactulose-helps-hepatic-encephalopathy-mechanism-6-nclex-style-45","How lactulose helps hepatic encephalopathy mechanism NCLEX style",informational,Global,RN,"gi-hepatic-pathophysiology","/blog/rn|/blog|/question-bank|/lessons|LESSON_SLUG_TBD needs_mapping"
"What causes C diff watery diarrhea after antibiotics (NCLEX style)?","what-causes-c-diff-watery-diarrhea-after-antibiotics-7-nclex-style-46","What causes C diff watery diarrhea after antibiotics NCLEX style",informational,Global,RN,"gi-hepatic-pathophysiology","/blog/rn|/blog|/question-bank|/lessons|LESSON_SLUG_TBD needs_mapping"
"Why bowel sounds hyperactive early obstruction then quiet (NCLEX style)?","why-bowel-sounds-hyperactive-early-obstruction-then-quiet-8-nclex-style-47","Why bowel sounds hyperactive early obstruction then quiet NCLEX style",informational,Global,RN,"gi-hepatic-pathophysiology","/blog/rn|/blog|/question-bank|/lessons|LESSON_SLUG_TBD needs_mapping"
"How ascites forms in cirrhosis sodium avidity loop (NCLEX style)?","how-ascites-forms-in-cirrhosis-sodium-avidity-loop-9-nclex-style-48","How ascites forms in cirrhosis sodium avidity loop NCLEX style",informational,Global,RN,"gi-hepatic-pathophysiology","/blog/rn|/blog|/question-bank|/lessons|LESSON_SLUG_TBD needs_mapping"
"Difference between small bowel vs large bowel obstruction cues (NCLEX style)?","difference-between-small-bowel-vs-large-bowel-obstruction-cues-10-nclex-style-49","Difference between small bowel vs large bowel obstruction cues NCLEX style",informational,Global,RN,"gi-hepatic-pathophysiology","/blog/rn|/blog|/question-bank|/lessons|LESSON_SLUG_TBD needs_mapping"
"Why stroke symptoms depend on artery territory NCLEX map (NCLEX style)?","why-stroke-symptoms-depend-on-artery-territory-nclex-map-nclex-style-50","Why stroke symptoms depend on artery territory NCLEX map NCLEX style",exam-prep,Global,RN,"neuro-pathophysiology","/blog/rn|/blog|/question-bank|/lessons|LESSON_SLUG_TBD needs_mapping"
"How increased ICP causes Cushing triad late signs (NCLEX style)?","how-increased-icp-causes-cushing-triad-late-signs-2-nclex-style-51","How increased ICP causes Cushing triad late signs NCLEX style",informational,Global,RN,"neuro-pathophysiology","/blog/rn|/blog|/question-bank|/lessons|LESSON_SLUG_TBD needs_mapping"
"What causes pinpoint pupils in opioid toxicity vs blown pupil (NCLEX style)?","what-causes-pinpoint-pupils-in-opioid-toxicity-vs-blown-pupil-3-nclex-style-52","What causes pinpoint pupils in opioid toxicity vs blown pupil NCLEX style",informational,Global,RN,"neuro-pathophysiology","/blog/rn|/blog|/question-bank|/lessons|LESSON_SLUG_TBD needs_mapping"
"NCLEX seizure precautions suction and timing priorities (NCLEX style)?","nclex-seizure-precautions-suction-and-timing-priorities-4-nclex-style-53","NCLEX seizure precautions suction and timing priorities NCLEX style",exam-prep,Global,RN,"neuro-pathophysiology","/blog/rn|/blog|/question-bank|/lessons|LESSON_SLUG_TBD needs_mapping"
"Why TIAs resolve but still need urgent workup (NCLEX style)?","why-tias-resolve-but-still-need-urgent-workup-5-nclex-style-54","Why TIAs resolve but still need urgent workup NCLEX style",informational,Global,RN,"neuro-pathophysiology","/blog/rn|/blog|/question-bank|/lessons|LESSON_SLUG_TBD needs_mapping"
"How MS plaques disrupt myelination and cause relapses (NCLEX style)?","how-ms-plaques-disrupt-myelination-and-cause-relapses-6-nclex-style-55","How MS plaques disrupt myelination and cause relapses NCLEX style",informational,Global,RN,"neuro-pathophysiology","/blog/rn|/blog|/question-bank|/lessons|LESSON_SLUG_TBD needs_mapping"
"What causes neurogenic shock in spinal cord injury pattern (NCLEX style)?","what-causes-neurogenic-shock-in-spinal-cord-injury-pattern-7-nclex-style-56","What causes neurogenic shock in spinal cord injury pattern NCLEX style",informational,Global,RN,"neuro-pathophysiology","/blog/rn|/blog|/question-bank|/lessons|LESSON_SLUG_TBD needs_mapping"
"Why nimodipine matters after subarachnoid hemorrhage (NCLEX style)?","why-nimodipine-matters-after-subarachnoid-hemorrhage-8-nclex-style-57","Why nimodipine matters after subarachnoid hemorrhage NCLEX style",informational,Global,RN,"neuro-pathophysiology","/blog/rn|/blog|/question-bank|/lessons|LESSON_SLUG_TBD needs_mapping"
"How Parkinson dopamine depletion explains rigidity and mask (NCLEX style)?","how-parkinson-dopamine-depletion-explains-rigidity-and-mask-9-nclex-style-58","How Parkinson dopamine depletion explains rigidity and mask NCLEX style",informational,Global,RN,"neuro-pathophysiology","/blog/rn|/blog|/question-bank|/lessons|LESSON_SLUG_TBD needs_mapping"
"Difference between generalized vs focal seizure recognition (NCLEX style)?","difference-between-generalized-vs-focal-seizure-recognition-10-nclex-style-59","Difference between generalized vs focal seizure recognition NCLEX style",informational,Global,RN,"neuro-pathophysiology","/blog/rn|/blog|/question-bank|/lessons|LESSON_SLUG_TBD needs_mapping"
"Why sepsis causes refractory hypotension distributive shock (NCLEX style)?","why-sepsis-causes-refractory-hypotension-distributive-shock-nclex-style-60","Why sepsis causes refractory hypotension distributive shock NCLEX style",exam-prep,Global,RN,"infection-sepsis-pathophysiology","/blog/rn|/blog|/question-bank|/lessons|LESSON_SLUG_TBD needs_mapping"
"How SIRS criteria differ from qSOFA at bedside practicality (NCLEX style)?","how-sirs-criteria-differ-from-qsofa-at-bedside-practicality-2-nclex-style-61","How SIRS criteria differ from qSOFA at bedside practicality NCLEX style",informational,Global,RN,"infection-sepsis-pathophysiology","/blog/rn|/blog|/question-bank|/lessons|LESSON_SLUG_TBD needs_mapping"
"NCLEX lactate trend in sepsis resuscitation why it matters (NCLEX style)?","nclex-lactate-trend-in-sepsis-resuscitation-why-it-matters-3-nclex-style-62","NCLEX lactate trend in sepsis resuscitation why it matters NCLEX style",exam-prep,Global,RN,"infection-sepsis-pathophysiology","/blog/rn|/blog|/question-bank|/lessons|LESSON_SLUG_TBD needs_mapping"
"What causes warm vs cold shock presentation pediatric vs adult (NCLEX style)?","what-causes-warm-vs-cold-shock-presentation-pediatric-vs-adult-4-nclex-style-63","What causes warm vs cold shock presentation pediatric vs adult NCLEX style",informational,Global,RN,"infection-sepsis-pathophysiology","/blog/rn|/blog|/question-bank|/lessons|LESSON_SLUG_TBD needs_mapping"
"Why source control timing matters in abscess and line infection (NCLEX style)?","why-source-control-timing-matters-in-abscess-and-line-infection-5-nclex-style-64","Why source control timing matters in abscess and line infection NCLEX style",informational,Global,RN,"infection-sepsis-pathophysiology","/blog/rn|/blog|/question-bank|/lessons|LESSON_SLUG_TBD needs_mapping"
"How endotoxin triggers cytokine storm simplified nursing lens (NCLEX style)?","how-endotoxin-triggers-cytokine-storm-simplified-nursing-lens-6-nclex-style-65","How endotoxin triggers cytokine storm simplified nursing lens NCLEX style",informational,Global,RN,"infection-sepsis-pathophysiology","/blog/rn|/blog|/question-bank|/lessons|LESSON_SLUG_TBD needs_mapping"
"What causes meningitis triad exceptions in older adults (NCLEX style)?","what-causes-meningitis-triad-exceptions-in-older-adults-7-nclex-style-66","What causes meningitis triad exceptions in older adults NCLEX style",informational,Global,RN,"infection-sepsis-pathophysiology","/blog/rn|/blog|/question-bank|/lessons|LESSON_SLUG_TBD needs_mapping"
"Why neutropenic fever needs rapid cultures before delays (NCLEX style)?","why-neutropenic-fever-needs-rapid-cultures-before-delays-8-nclex-style-67","Why neutropenic fever needs rapid cultures before delays NCLEX style",informational,Global,RN,"infection-sepsis-pathophysiology","/blog/rn|/blog|/question-bank|/lessons|LESSON_SLUG_TBD needs_mapping"
"How biofilms protect catheter UTIs from antibiotics (bedside to boards)?","how-biofilms-protect-catheter-utis-from-antibiotics-9-bedside-to-boards-68","How biofilms protect catheter UTIs from antibiotics bedside to boards",informational,Global,RN,"infection-sepsis-pathophysiology","/blog/rn|/blog|/question-bank|/lessons|LESSON_SLUG_TBD needs_mapping"
"Difference between colonization and infection in cultures (bedside to boards)?","difference-between-colonization-and-infection-in-cultures-10-bedside-to-boards-69","Difference between colonization and infection in cultures bedside to boards",informational,Global,RN,"infection-sepsis-pathophysiology","/blog/rn|/blog|/question-bank|/lessons|LESSON_SLUG_TBD needs_mapping"
"Why anemia of chronic disease shows low iron with high ferritin (bedside to boards)?","why-anemia-of-chronic-disease-shows-low-iron-with-high-ferritin-bedside-to-boards-70","Why anemia of chronic disease shows low iron with high ferritin bedside to boards",informational,Global,RN,"hematology-oncology-pathophysiology","/blog/rn|/blog|/question-bank|/lessons|LESSON_SLUG_TBD needs_mapping"
"How anticoagulants shift bleeding risk vs clot prevention NCLEX (bedside to boards)?","how-anticoagulants-shift-bleeding-risk-vs-clot-prevention-nclex-2-bedside-to-boards-71","How anticoagulants shift bleeding risk vs clot prevention NCLEX bedside to boards",exam-prep,Global,RN,"hematology-oncology-pathophysiology","/blog/rn|/blog|/question-bank|/lessons|LESSON_SLUG_TBD needs_mapping"
"What causes tumor lysis syndrome electrolyte bombs (bedside to boards)?","what-causes-tumor-lysis-syndrome-electrolyte-bombs-3-bedside-to-boards-72","What causes tumor lysis syndrome electrolyte bombs bedside to boards",informational,Global,RN,"hematology-oncology-pathophysiology","/blog/rn|/blog|/question-bank|/lessons|LESSON_SLUG_TBD needs_mapping"
"NCLEX priority low platelets with head injury bleeding watch (bedside to boards)?","nclex-priority-low-platelets-with-head-injury-bleeding-watch-4-bedside-to-boards-73","NCLEX priority low platelets with head injury bleeding watch bedside to boards",exam-prep,Global,RN,"hematology-oncology-pathophysiology","/blog/rn|/blog|/question-bank|/lessons|LESSON_SLUG_TBD needs_mapping"
"Why neutropenic precautions isolate vulnerable patients (bedside to boards)?","why-neutropenic-precautions-isolate-vulnerable-patients-5-bedside-to-boards-74","Why neutropenic precautions isolate vulnerable patients bedside to boards",informational,Global,RN,"hematology-oncology-pathophysiology","/blog/rn|/blog|/question-bank|/lessons|LESSON_SLUG_TBD needs_mapping"
"How hemolysis raises indirect bilirubin pattern (bedside to boards)?","how-hemolysis-raises-indirect-bilirubin-pattern-6-bedside-to-boards-75","How hemolysis raises indirect bilirubin pattern bedside to boards",informational,Global,RN,"hematology-oncology-pathophysiology","/blog/rn|/blog|/question-bank|/lessons|LESSON_SLUG_TBD needs_mapping"
"What causes sickle pain crisis vaso-occlusion triggers (bedside to boards)?","what-causes-sickle-pain-crisis-vaso-occlusion-triggers-7-bedside-to-boards-76","What causes sickle pain crisis vaso-occlusion triggers bedside to boards",informational,Global,RN,"hematology-oncology-pathophysiology","/blog/rn|/blog|/question-bank|/lessons|LESSON_SLUG_TBD needs_mapping"
"Why heparin-induced thrombocytopenia is an immune paradox (bedside to boards)?","why-heparin-induced-thrombocytopenia-is-an-immune-paradox-8-bedside-to-boards-77","Why heparin-induced thrombocytopenia is an immune paradox bedside to boards",informational,Global,RN,"hematology-oncology-pathophysiology","/blog/rn|/blog|/question-bank|/lessons|LESSON_SLUG_TBD needs_mapping"
"How radiation mucositis changes nutrition and infection risk (bedside to boards)?","how-radiation-mucositis-changes-nutrition-and-infection-risk-9-bedside-to-boards-78","How radiation mucositis changes nutrition and infection risk bedside to boards",informational,Global,RN,"hematology-oncology-pathophysiology","/blog/rn|/blog|/question-bank|/lessons|LESSON_SLUG_TBD needs_mapping"
"Difference between iron deficiency vs B12 deficiency smears hinted (bedside to boards)?","difference-between-iron-deficiency-vs-b12-deficiency-smears-hinted-10-bedside-to-boards-79","Difference between iron deficiency vs B12 deficiency smears hinted bedside to boards",informational,Global,RN,"hematology-oncology-pathophysiology","/blog/rn|/blog|/question-bank|/lessons|LESSON_SLUG_TBD needs_mapping"
