"Route","File","Payload Risk Class","Risk Score","File Bytes","Line Count","Reasons","Heavy Fields","Protections","Recommendations"
"/api/questions","src/app/api/questions/route.ts","1MB+","31","37414","1076","5 findMany call(s); 3 raw SQL call(s); full response mode or full-content branch detected; large text/json fields explicitly selected","rationale (1); options (2); body/content (9); exhibitData (2); images/media (2); questionIds/full pools (3)","2 select shape(s); jsonResponseGuarded hard cap; payload-size instrumentation; bounded page size; pagination/cursor parameters","Default to summary/preview mode and hydrate full detail on demand.; Split body/rationale/options/sections into detail endpoints or first-batch hydration."
"/api/flashcards/decks/:deckRef/study","src/app/api/flashcards/decks/[deckRef]/study/route.ts","1MB+","26","24412","705","5 findMany call(s); large text/json fields explicitly selected","rationale (3); options (3); answerKey/correctAnswer (3); body/content (14); flashcard back/pearls (9)","14 select shape(s); payload-size instrumentation; bounded page size; pagination/cursor parameters","Split body/rationale/options/sections into detail endpoints or first-batch hydration."
"/api/admin/questions/:id","src/app/api/admin/questions/[id]/route.ts","1MB+","26","8405","201","","rationale (11); options (8); answerKey/correctAnswer (8); body/content (6); exhibitData (8); images/media (8); flashcard back/pearls (2)","","Verify measured payload in live audit and keep response under 100KB."
"/api/admin/questions","src/app/api/admin/questions/route.ts","1MB+","25","10160","267","1 findMany call(s)","rationale (11); options (10); answerKey/correctAnswer (10); body/content (6); exhibitData (6); images/media (6)","1 select shape(s); bounded page size; pagination/cursor parameters","Verify measured payload in live audit and keep response under 100KB."
"/api/practice-tests/:id","src/app/api/practice-tests/[id]/route.ts","1MB+","24","36228","964","1 findMany call(s); large text/json fields explicitly selected; large ID array or pool state may be serialized","rationale (2); options (2); body/content (14); exhibitData (1); images/media (1); questionIds/full pools (20); flashcard back/pearls (2)","pagination/cursor parameters","Split body/rationale/options/sections into detail endpoints or first-batch hydration.; Return a session id plus first batch instead of full pool arrays where possible."
"/api/questions/grade","src/app/api/questions/grade/route.ts","1MB+","24","15819","372","large text/json fields explicitly selected","rationale (5); options (1); answerKey/correctAnswer (5); body/content (22); sections (1); exhibitData (1); images/media (1); flashcard back/pearls (5)","4 select shape(s); pagination/cursor parameters","Split body/rationale/options/sections into detail endpoints or first-batch hydration."
"/api/exams/session","src/app/api/exams/session/route.ts","1MB+","24","9396","246","1 findMany call(s); full response mode or full-content branch detected; large text/json fields explicitly selected; large ID array or pool state may be serialized","options (3); body/content (6); questionIds/full pools (5)","3 select shape(s); payload-size instrumentation; pagination/cursor parameters","Default to summary/preview mode and hydrate full detail on demand.; Split body/rationale/options/sections into detail endpoints or first-batch hydration.; Return a session id plus first batch instead of full pool arrays where possible."
"/api/admin/questions/bulk","src/app/api/admin/questions/bulk/route.ts","1MB+","23","5477","163","2 findMany call(s); large text/json fields explicitly selected","rationale (5); options (3); answerKey/correctAnswer (3); body/content (20); flashcard back/pearls (3)","2 select shape(s); pagination/cursor parameters","Split body/rationale/options/sections into detail endpoints or first-batch hydration."
"/api/exam-questions/by-ids","src/app/api/exam-questions/by-ids/route.ts","1MB+","20","6437","174","1 findMany call(s); one or more findMany blocks lack an obvious take/limit in the local call; large text/json fields explicitly selected","rationale (1); options (1); answerKey/correctAnswer (1); body/content (4); questionIds/full pools (1); flashcard back/pearls (2)","1 select shape(s)","Add explicit take/pageSize caps or move to cursor/snapshot pagination.; Split body/rationale/options/sections into detail endpoints or first-batch hydration."
"/api/exams/start","src/app/api/exams/start/route.ts","1MB+","18","16998","444","1 findMany call(s); large text/json fields explicitly selected; large ID array or pool state may be serialized","options (2); body/content (4); questionIds/full pools (5)","2 select shape(s); payload-size instrumentation; pagination/cursor parameters","Split body/rationale/options/sections into detail endpoints or first-batch hydration.; Return a session id plus first batch instead of full pool arrays where possible."
"/api/admin/ai/drafts/questions/:id/promote","src/app/api/admin/ai/drafts/questions/[id]/promote/route.ts","500KB+","17","9063","218","","rationale (9); options (8); answerKey/correctAnswer (6); body/content (10); exhibitData (1)","","Verify measured payload in live audit and keep response under 100KB."
"/api/practice-tests/:id/question","src/app/api/practice-tests/[id]/question/route.ts","500KB+","17","7898","209","large text/json fields explicitly selected; large ID array or pool state may be serialized","options (1); body/content (6); exhibitData (1); images/media (1); questionIds/full pools (3)","1 select shape(s); payload-size instrumentation; pagination/cursor parameters","Split body/rationale/options/sections into detail endpoints or first-batch hydration.; Return a session id plus first batch instead of full pool arrays where possible."
"/api/admin/flashcards","src/app/api/admin/flashcards/route.ts","500KB+","16","14721","368","1 findMany call(s)","rationale (2); options (6); answerKey/correctAnswer (20); body/content (1); flashcard back/pearls (12)","2 select shape(s); bounded page size; pagination/cursor parameters","Verify measured payload in live audit and keep response under 100KB."
"/api/admin/ai/drafts/flashcards/:id/promote","src/app/api/admin/ai/drafts/flashcards/[id]/promote/route.ts","500KB+","16","8497","216","","options (4); answerKey/correctAnswer (12); body/content (4); flashcard back/pearls (6)","1 select shape(s); pagination/cursor parameters","Verify measured payload in live audit and keep response under 100KB."
"/api/admin/ai/ecg-video-questions/generate","src/app/api/admin/ai/ecg-video-questions/generate/route.ts","500KB+","16","6181","173","","rationale (5); options (5); answerKey/correctAnswer (5); body/content (3); exhibitData (1)","","Verify measured payload in live audit and keep response under 100KB."
"/api/practice-tests","src/app/api/practice-tests/route.ts","500KB+","15","43191","1164","3 findMany call(s); large ID array or pool state may be serialized","rationale (1); body/content (5); questionIds/full pools (13)","3 select shape(s); pagination/cursor parameters","Return a session id plus first batch instead of full pool arrays where possible."
"/api/admin/flashcards/:flashcardId","src/app/api/admin/flashcards/[flashcardId]/route.ts","500KB+","15","15249","370","","rationale (2); options (10); answerKey/correctAnswer (25); body/content (1); flashcard back/pearls (9)","3 select shape(s); pagination/cursor parameters","Verify measured payload in live audit and keep response under 100KB."
"/api/learner/baseline-assessment/submit","src/app/api/learner/baseline-assessment/submit/route.ts","500KB+","15","5441","136","1 findMany call(s); large ID array or pool state may be serialized","answerKey/correctAnswer (3); body/content (9); questionIds/full pools (5)","1 select shape(s); pagination/cursor parameters","Return a session id plus first batch instead of full pool arrays where possible."
"/api/admin/printables","src/app/api/admin/printables/route.ts","500KB+","14","6789","180","1 findMany call(s); one or more findMany blocks lack an obvious take/limit in the local call","body/content (4); images/media (5)","3 select shape(s); pagination/cursor parameters","Add explicit take/pageSize caps or move to cursor/snapshot pagination."
"/api/exams/session/question","src/app/api/exams/session/question/route.ts","500KB+","14","4969","121","large text/json fields explicitly selected; large ID array or pool state may be serialized","options (1); body/content (2); questionIds/full pools (4)","2 select shape(s); payload-size instrumentation","Split body/rationale/options/sections into detail endpoints or first-batch hydration.; Return a session id plus first batch instead of full pool arrays where possible."
"/api/admin/blog/:id","src/app/api/admin/blog/[id]/route.ts","500KB+","13","31641","794","large text/json fields explicitly selected","body/content (25); images/media (8); flashcard back/pearls (1)","3 select shape(s)","Split body/rationale/options/sections into detail endpoints or first-batch hydration."
"/api/lessons","src/app/api/lessons/route.ts","500KB+","13","15199","402","4 findMany call(s); one or more findMany blocks lack an obvious take/limit in the local call","body/content (7)","5 select shape(s); jsonResponseGuarded hard cap; payload-size instrumentation; bounded page size; pagination/cursor parameters","Add explicit take/pageSize caps or move to cursor/snapshot pagination."
"/api/admin/blog","src/app/api/admin/blog/route.ts","500KB+","13","14786","395","1 findMany call(s); large text/json fields explicitly selected","body/content (13); images/media (5)","2 select shape(s); bounded page size; pagination/cursor parameters","Split body/rationale/options/sections into detail endpoints or first-batch hydration."
"/api/questions/:id","src/app/api/questions/[id]/route.ts","500KB+","13","9247","234","large text/json fields explicitly selected","rationale (1); options (2); body/content (9); exhibitData (1); images/media (1)","3 select shape(s); payload-size instrumentation","Split body/rationale/options/sections into detail endpoints or first-batch hydration."
"/api/admin/blog/localized/generate","src/app/api/admin/blog/localized/generate/route.ts","250KB+","12","16836","455","large text/json fields explicitly selected","body/content (14); localized full text (5)","3 select shape(s); pagination/cursor parameters","Split body/rationale/options/sections into detail endpoints or first-batch hydration."
"/api/learner/command-center","src/app/api/learner/command-center/route.ts","250KB+","12","8923","243","1 findMany call(s); large text/json fields explicitly selected","rationale (3); body/content (5)","1 select shape(s); pagination/cursor parameters","Split body/rationale/options/sections into detail endpoints or first-batch hydration."
"/api/admin/printables/:id","src/app/api/admin/printables/[id]/route.ts","250KB+","12","6855","142","include-heavy Prisma response shape detected","body/content (4); images/media (10)","4 select shape(s); 1 include shape(s) to review; pagination/cursor parameters","Replace include-heavy reads with route-specific select shapes."
"/api/admin/flashcards/summary","src/app/api/admin/flashcards/summary/route.ts","250KB+","12","5069","134","1 findMany call(s); 1 raw SQL call(s); large text/json fields explicitly selected","rationale (6); options (2)","2 select shape(s); pagination/cursor parameters","Split body/rationale/options/sections into detail endpoints or first-batch hydration."
"/api/learner/baseline-assessment/questions","src/app/api/learner/baseline-assessment/questions/route.ts","250KB+","12","3403","93","1 findMany call(s); large text/json fields explicitly selected; large ID array or pool state may be serialized","options (1); body/content (2); questionIds/full pools (1)","2 select shape(s); pagination/cursor parameters","Split body/rationale/options/sections into detail endpoints or first-batch hydration.; Return a session id plus first batch instead of full pool arrays where possible."
"/api/admin/marketing-public-content","src/app/api/admin/marketing-public-content/route.ts","250KB+","11","19298","697","2 findMany call(s); one or more findMany blocks lack an obvious take/limit in the local call","body/content (15)","4 select shape(s); pagination/cursor parameters","Add explicit take/pageSize caps or move to cursor/snapshot pagination."
"/api/admin/educator/remediation-assignments","src/app/api/admin/educator/remediation-assignments/route.ts","250KB+","11","6757","205","1 findMany call(s); 1 raw SQL call(s); one or more findMany blocks lack an obvious take/limit in the local call","body/content (9)","1 select shape(s); pagination/cursor parameters","Add explicit take/pageSize caps or move to cursor/snapshot pagination."
"/api/learner/lesson-topic-quiz","src/app/api/learner/lesson-topic-quiz/route.ts","250KB+","11","2301","69","large ID array or pool state may be serialized","body/content (4); questionIds/full pools (4)","","Return a session id plus first batch instead of full pool arrays where possible."
"/api/admin/blog/control-panel/persist-draft","src/app/api/admin/blog/control-panel/persist-draft/route.ts","250KB+","10","9770","289","large text/json fields explicitly selected","body/content (5); sections (1); images/media (1)","1 select shape(s); pagination/cursor parameters","Split body/rationale/options/sections into detail endpoints or first-batch hydration."
"/api/admin/lessons/bulk","src/app/api/admin/lessons/bulk/route.ts","250KB+","10","6087","169","2 findMany call(s); large text/json fields explicitly selected","body/content (30)","2 select shape(s); pagination/cursor parameters","Split body/rationale/options/sections into detail endpoints or first-batch hydration."
"/api/learner/lesson-bank-study-loop","src/app/api/learner/lesson-bank-study-loop/route.ts","250KB+","10","3202","98","large ID array or pool state may be serialized","body/content (5); questionIds/full pools (3)","","Return a session id plus first batch instead of full pool arrays where possible."
"/api/verified-study/decks/:deckId/cards","src/app/api/verified-study/decks/[deckId]/cards/route.ts","250KB+","10","1897","48","","rationale (3); body/content (9); flashcard back/pearls (3)","","Verify measured payload in live audit and keep response under 100KB."
"/api/admin/beta/testers/export","src/app/api/admin/beta/testers/export/route.ts","250KB+","10","1549","49","1 findMany call(s); one or more findMany blocks lack an obvious take/limit in the local call; include-heavy Prisma response shape detected","","2 select shape(s); 1 include shape(s) to review; no JSON response detected","Add explicit take/pageSize caps or move to cursor/snapshot pagination.; Replace include-heavy reads with route-specific select shapes."
"/api/admin/pathway-lessons/:id","src/app/api/admin/pathway-lessons/[id]/route.ts","250KB+","9","14060","386","","body/content (24); sections (21); flashcard back/pearls (1)","","Verify measured payload in live audit and keep response under 100KB."
"/api/cat/np/answer","src/app/api/cat/np/answer/route.ts","250KB+","9","10115","301","1 findMany call(s)","body/content (7); questionIds/full pools (7)","pagination/cursor parameters","Verify measured payload in live audit and keep response under 100KB."
"/api/flashcards","src/app/api/flashcards/route.ts","250KB+","9","9620","257","1 findMany call(s)","body/content (17); flashcard back/pearls (9)","2 select shape(s); payload-size instrumentation; bounded page size; pagination/cursor parameters","Verify measured payload in live audit and keep response under 100KB."
"/api/admin/content-pipeline/batch","src/app/api/admin/content-pipeline/batch/route.ts","250KB+","9","8284","234","","rationale (2); body/content (11); sections (3)","pagination/cursor parameters","Verify measured payload in live audit and keep response under 100KB."
"/api/learner/question-bookmarks","src/app/api/learner/question-bookmarks/route.ts","250KB+","9","7327","193","1 findMany call(s); large text/json fields explicitly selected","body/content (12)","2 select shape(s); pagination/cursor parameters","Split body/rationale/options/sections into detail endpoints or first-batch hydration."
"/api/admin/blog/upgrade-weak","src/app/api/admin/blog/upgrade-weak/route.ts","250KB+","9","6773","215","1 findMany call(s); large text/json fields explicitly selected","body/content (5)","1 select shape(s); pagination/cursor parameters","Split body/rationale/options/sections into detail endpoints or first-batch hydration."
"/api/cat/np/session","src/app/api/cat/np/session/route.ts","250KB+","9","6248","178","1 findMany call(s)","body/content (7); questionIds/full pools (6)","pagination/cursor parameters","Verify measured payload in live audit and keep response under 100KB."
"/api/learner/pathway-lesson","src/app/api/learner/pathway-lesson/route.ts","250KB+","9","5534","155","1 findMany call(s); one or more findMany blocks lack an obvious take/limit in the local call","body/content (3)","1 select shape(s)","Add explicit take/pageSize caps or move to cursor/snapshot pagination."
"/api/printables/:id/download","src/app/api/printables/[id]/download/route.ts","250KB+","9","4344","107","include-heavy Prisma response shape detected","body/content (1); images/media (6)","2 select shape(s); 1 include shape(s) to review","Replace include-heavy reads with route-specific select shapes."
"/api/admin/printables/:id/preview-download","src/app/api/admin/printables/[id]/preview-download/route.ts","250KB+","9","2751","67","include-heavy Prisma response shape detected","body/content (1); images/media (6)","1 select shape(s); 1 include shape(s) to review","Replace include-heavy reads with route-specific select shapes."
"/api/admin/blog/generate-ai","src/app/api/admin/blog/generate-ai/route.ts","250KB+","8","15106","450","large text/json fields explicitly selected","body/content (4)","1 select shape(s); pagination/cursor parameters","Split body/rationale/options/sections into detail endpoints or first-batch hydration."
"/api/admin/blog/localized/:id","src/app/api/admin/blog/localized/[id]/route.ts","250KB+","8","10992","278","","body/content (11); localized full text (9)","2 select shape(s)","Verify measured payload in live audit and keep response under 100KB."
"/api/questions/freemium-grade","src/app/api/questions/freemium-grade/route.ts","250KB+","8","5558","146","","answerKey/correctAnswer (4); body/content (9)","2 select shape(s)","Verify measured payload in live audit and keep response under 100KB."
"/api/learner/notes","src/app/api/learner/notes/route.ts","250KB+","8","5143","146","large text/json fields explicitly selected","body/content (12)","2 select shape(s)","Split body/rationale/options/sections into detail endpoints or first-batch hydration."
"/api/admin/blog/:id/body/regenerate","src/app/api/admin/blog/[id]/body/regenerate/route.ts","250KB+","8","4820","150","large text/json fields explicitly selected","body/content (5)","2 select shape(s)","Split body/rationale/options/sections into detail endpoints or first-batch hydration."
"/api/admin/pathway-lessons/:id/sections/:sectionId","src/app/api/admin/pathway-lessons/[id]/sections/[sectionId]/route.ts","250KB+","8","4055","128","","body/content (7); sections (4)","","Verify measured payload in live audit and keep response under 100KB."
"/api/learner/social/notifications","src/app/api/learner/social/notifications/route.ts","250KB+","8","3954","106","4 findMany call(s)","body/content (5)","9 select shape(s); pagination/cursor parameters","Verify measured payload in live audit and keep response under 100KB."
"/api/cron/generate-snapshots","src/app/api/cron/generate-snapshots/route.ts","100KB+","7","6859","176","1 findMany call(s)","body/content (3); flashcard back/pearls (3)","2 select shape(s); pagination/cursor parameters","Verify measured payload in live audit and keep response under 100KB."
"/api/admin/ai/flashcards/generate","src/app/api/admin/ai/flashcards/generate/route.ts","100KB+","7","6640","188","","body/content (5); flashcard back/pearls (3)","","Verify measured payload in live audit and keep response under 100KB."
"/api/admin/blog/localized","src/app/api/admin/blog/localized/route.ts","100KB+","7","6111","149","","body/content (5); localized full text (3)","2 select shape(s); pagination/cursor parameters","Verify measured payload in live audit and keep response under 100KB."
"/api/admin/blog/batch-chunk","src/app/api/admin/blog/batch-chunk/route.ts","100KB+","7","3773","124","","body/content (3); questionIds/full pools (7)","1 select shape(s); pagination/cursor parameters","Verify measured payload in live audit and keep response under 100KB."
"/api/flashcards/community-stats/:flashcardId","src/app/api/flashcards/community-stats/[flashcardId]/route.ts","100KB+","7","3347","90","1 findMany call(s); one or more findMany blocks lack an obvious take/limit in the local call","body/content (1)","1 select shape(s)","Add explicit take/pageSize caps or move to cursor/snapshot pagination."
"/api/pricing/options","src/app/api/pricing/options/route.ts","100KB+","7","2363","64","","options (3); body/content (6)","","Verify measured payload in live audit and keep response under 100KB."
"/api/admin/media/batch-scan","src/app/api/admin/media/batch-scan/route.ts","100KB+","7","2176","73","1 findMany call(s)","body/content (4); images/media (2)","1 select shape(s); pagination/cursor parameters","Verify measured payload in live audit and keep response under 100KB."
"/api/admin/printables/:id/analytics","src/app/api/admin/printables/[id]/analytics/route.ts","100KB+","7","2166","54","2 findMany call(s); one or more findMany blocks lack an obvious take/limit in the local call","","3 select shape(s); pagination/cursor parameters","Add explicit take/pageSize caps or move to cursor/snapshot pagination."
"/api/learner/notes/recent","src/app/api/learner/notes/recent/route.ts","100KB+","7","1954","55","1 findMany call(s); one or more findMany blocks lack an obvious take/limit in the local call","body/content (1)","1 select shape(s); bounded page size; pagination/cursor parameters","Add explicit take/pageSize caps or move to cursor/snapshot pagination."
"/api/subscriptions/checkout","src/app/api/subscriptions/checkout/route.ts","100KB+","6","27517","658","","body/content (2); questionIds/full pools (1); flashcard back/pearls (3)","4 select shape(s); pagination/cursor parameters","Verify measured payload in live audit and keep response under 100KB."
"/api/marketing-assets/:...path","src/app/api/marketing-assets/[...path]/route.ts","100KB+","6","6172","164","","body/content (3); images/media (3)","pagination/cursor parameters","Verify measured payload in live audit and keep response under 100KB."
"/api/learner/pre-nursing-progress","src/app/api/learner/pre-nursing-progress/route.ts","100KB+","6","6009","158","2 findMany call(s)","body/content (4)","2 select shape(s); pagination/cursor parameters","Verify measured payload in live audit and keep response under 100KB."
"/api/admin/ai/exam-questions/drafts/:id/regenerate-section","src/app/api/admin/ai/exam-questions/drafts/[id]/regenerate-section/route.ts","100KB+","6","5976","176","","rationale (1); options (1); body/content (8)","2 select shape(s)","Verify measured payload in live audit and keep response under 100KB."
"/api/cases/cnple/:sessionId/review","src/app/api/cases/cnple/[sessionId]/review/route.ts","100KB+","6","3024","80","","rationale (3); options (2); body/content (1)","","Verify measured payload in live audit and keep response under 100KB."
"/api/admin/jobs","src/app/api/admin/jobs/route.ts","100KB+","6","2790","90","1 findMany call(s); one or more findMany blocks lack an obvious take/limit in the local call","","1 select shape(s); bounded page size; pagination/cursor parameters","Add explicit take/pageSize caps or move to cursor/snapshot pagination."
"/api/modules/ecg-pediatric/cases/:id/attempt","src/app/api/modules/ecg-pediatric/cases/[id]/attempt/route.ts","100KB+","6","2597","76","","options (3); body/content (3)","","Verify measured payload in live audit and keep response under 100KB."
"/api/verified-study/ai/draft-cards","src/app/api/verified-study/ai/draft-cards/route.ts","100KB+","6","2171","55","","rationale (1); body/content (5); flashcard back/pearls (1)","","Verify measured payload in live audit and keep response under 100KB."
"/api/printables","src/app/api/printables/route.ts","100KB+","6","1826","56","1 findMany call(s); one or more findMany blocks lack an obvious take/limit in the local call","","1 select shape(s); bounded page size; pagination/cursor parameters","Add explicit take/pageSize caps or move to cursor/snapshot pagination."
"/api/verified-study/cards/:cardId","src/app/api/verified-study/cards/[cardId]/route.ts","100KB+","6","1707","46","","rationale (1); body/content (4); flashcard back/pearls (1)","","Verify measured payload in live audit and keep response under 100KB."
"/api/admin/export/content","src/app/api/admin/export/content/route.ts","100KB+","6","1226","44","1 findMany call(s); large text/json fields explicitly selected","rationale (1)","1 select shape(s); bounded page size; pagination/cursor parameters","Split body/rationale/options/sections into detail endpoints or first-batch hydration."
"/api/admin/ai/exam-questions/generate-batch/:jobId/step","src/app/api/admin/ai/exam-questions/generate-batch/[jobId]/step/route.ts","100KB+","5","20318","565","1 findMany call(s)","body/content (4)","6 select shape(s); pagination/cursor parameters","Verify measured payload in live audit and keep response under 100KB."
"/api/admin/blog/campaigns/:id/run-chunk","src/app/api/admin/blog/campaigns/[id]/run-chunk/route.ts","100KB+","5","12838","323","1 findMany call(s)","body/content (9)","2 select shape(s); pagination/cursor parameters","Verify measured payload in live audit and keep response under 100KB."
"/api/flashcards/inventory","src/app/api/flashcards/inventory/route.ts","100KB+","5","11211","299","","body/content (10); questionIds/full pools (1)","no JSON response detected","Verify measured payload in live audit and keep response under 100KB."
"/api/questions/discovery","src/app/api/questions/discovery/route.ts","100KB+","5","10419","233","","body/content (6); questionIds/full pools (1)","payload-size instrumentation","Verify measured payload in live audit and keep response under 100KB."
"/api/admin/ai/exam-questions/generate","src/app/api/admin/ai/exam-questions/generate/route.ts","100KB+","5","10243","304","1 findMany call(s)","body/content (7)","4 select shape(s); pagination/cursor parameters","Verify measured payload in live audit and keep response under 100KB."
"/api/subscriptions/checkout/advanced-labs","src/app/api/subscriptions/checkout/advanced-labs/route.ts","100KB+","5","9764","290","1 findMany call(s)","body/content (6)","3 select shape(s); pagination/cursor parameters","Verify measured payload in live audit and keep response under 100KB."
"/api/admin/lessons","src/app/api/admin/lessons/route.ts","100KB+","5","9603","261","1 findMany call(s)","body/content (19)","2 select shape(s); bounded page size; pagination/cursor parameters","Verify measured payload in live audit and keep response under 100KB."
"/api/subscriptions/checkout/critical-care-bundle","src/app/api/subscriptions/checkout/critical-care-bundle/route.ts","100KB+","5","9501","216","1 findMany call(s)","body/content (6)","3 select shape(s); pagination/cursor parameters","Verify measured payload in live audit and keep response under 100KB."
"/api/subscriptions/checkout/advanced-hemodynamics","src/app/api/subscriptions/checkout/advanced-hemodynamics/route.ts","100KB+","5","8800","203","1 findMany call(s)","body/content (6)","3 select shape(s); pagination/cursor parameters","Verify measured payload in live audit and keep response under 100KB."
"/api/subscriptions/checkout/advanced-ecg","src/app/api/subscriptions/checkout/advanced-ecg/route.ts","100KB+","5","8583","214","1 findMany call(s)","body/content (7)","3 select shape(s); pagination/cursor parameters","Verify measured payload in live audit and keep response under 100KB."
"/api/flashcards/decks","src/app/api/flashcards/decks/route.ts","100KB+","5","7321","207","1 findMany call(s)","body/content (6)","3 select shape(s); jsonResponseGuarded hard cap; payload-size instrumentation; bounded page size; pagination/cursor parameters","Verify measured payload in live audit and keep response under 100KB."
"/api/coach","src/app/api/coach/route.ts","100KB+","5","6116","201","","rationale (1); body/content (7)","pagination/cursor parameters","Verify measured payload in live audit and keep response under 100KB."
"/api/learner/monitor-session-reports","src/app/api/learner/monitor-session-reports/route.ts","100KB+","5","5958","168","1 findMany call(s)","body/content (6)","2 select shape(s); pagination/cursor parameters","Verify measured payload in live audit and keep response under 100KB."
"/api/admin/demo-users","src/app/api/admin/demo-users/route.ts","100KB+","5","5410","202","1 findMany call(s)","body/content (10)","2 select shape(s); bounded page size; pagination/cursor parameters","Verify measured payload in live audit and keep response under 100KB."
"/api/practice-tests/:id/cat-study-review","src/app/api/practice-tests/[id]/cat-study-review/route.ts","100KB+","5","5181","136","large ID array or pool state may be serialized","body/content (1); questionIds/full pools (1)","pagination/cursor parameters","Return a session id plus first batch instead of full pool arrays where possible."
"/api/admin/blog/campaigns","src/app/api/admin/blog/campaigns/route.ts","100KB+","5","4848","128","1 findMany call(s); include-heavy Prisma response shape detected","","3 select shape(s); 1 include shape(s) to review; pagination/cursor parameters","Replace include-heavy reads with route-specific select shapes."
"/api/beta/feedback","src/app/api/beta/feedback/route.ts","100KB+","5","2977","68","","options (1); body/content (10)","pagination/cursor parameters","Verify measured payload in live audit and keep response under 100KB."
"/api/admin/blog/batch-schedule/:id","src/app/api/admin/blog/batch-schedule/[id]/route.ts","100KB+","5","2772","100","include-heavy Prisma response shape detected","body/content (1)","4 select shape(s); 2 include shape(s) to review; pagination/cursor parameters","Replace include-heavy reads with route-specific select shapes."
"/api/flashcards/options/:flashcardId/select","src/app/api/flashcards/options/[flashcardId]/select/route.ts","100KB+","5","2477","59","","options (3); body/content (2)","","Verify measured payload in live audit and keep response under 100KB."
"/api/beta/activity","src/app/api/beta/activity/route.ts","100KB+","5","2035","51","","options (1); body/content (9)","pagination/cursor parameters","Verify measured payload in live audit and keep response under 100KB."
"/api/admin/pathway-lessons/lookup","src/app/api/admin/pathway-lessons/lookup/route.ts","100KB+","5","1317","31","","body/content (3); sections (2)","","Verify measured payload in live audit and keep response under 100KB."
"/api/flashcards/custom-session","src/app/api/flashcards/custom-session/route.ts","100KB+","4","19719","478","","body/content (7)","","Verify measured payload in live audit and keep response under 100KB."
"/api/cron/monitoring-synthetic","src/app/api/cron/monitoring-synthetic/route.ts","100KB+","4","10368","287","","options (1); body/content (3)","pagination/cursor parameters","Verify measured payload in live audit and keep response under 100KB."
"/api/learner/exam-plan","src/app/api/learner/exam-plan/route.ts","100KB+","4","9661","267","","body/content (8)","1 select shape(s)","Verify measured payload in live audit and keep response under 100KB."
"/api/admin/lessons/:id","src/app/api/admin/lessons/[id]/route.ts","100KB+","4","9553","235","","body/content (28)","1 select shape(s); pagination/cursor parameters","Verify measured payload in live audit and keep response under 100KB."
"/api/subscriptions/webhook","src/app/api/subscriptions/webhook/route.ts","100KB+","4","9378","252","","body/content (4)","pagination/cursor parameters","Verify measured payload in live audit and keep response under 100KB."
"/api/learner/personal-profile","src/app/api/learner/personal-profile/route.ts","100KB+","4","8099","194","","body/content (37)","2 select shape(s)","Verify measured payload in live audit and keep response under 100KB."
"/api/learner/pre-nursing-plan","src/app/api/learner/pre-nursing-plan/route.ts","100KB+","4","8028","212","","body/content (8)","3 select shape(s); pagination/cursor parameters","Verify measured payload in live audit and keep response under 100KB."
"/api/admin/users/:userId/ops","src/app/api/admin/users/[userId]/ops/route.ts","100KB+","4","7561","218","","body/content (8)","4 select shape(s)","Verify measured payload in live audit and keep response under 100KB."
"/api/admin/linking/inspect","src/app/api/admin/linking/inspect/route.ts","100KB+","4","5832","182","","body/content (12)","pagination/cursor parameters","Verify measured payload in live audit and keep response under 100KB."
"/api/blog/import","src/app/api/blog/import/route.ts","100KB+","4","5068","165","","body/content (6)","1 select shape(s); pagination/cursor parameters","Verify measured payload in live audit and keep response under 100KB."
"/api/admin/content-bulk/enqueue","src/app/api/admin/content-bulk/enqueue/route.ts","100KB+","4","4973","151","","body/content (15)","","Verify measured payload in live audit and keep response under 100KB."
"/api/flashcards/remediation-signal","src/app/api/flashcards/remediation-signal/route.ts","100KB+","4","4692","125","","body/content (14)","1 select shape(s); pagination/cursor parameters","Verify measured payload in live audit and keep response under 100KB."
"/api/admin/account-lifecycle","src/app/api/admin/account-lifecycle/route.ts","100KB+","4","4485","130","","body/content (6)","","Verify measured payload in live audit and keep response under 100KB."
"/api/admin/lessons/ai-drafts/:id/promote","src/app/api/admin/lessons/ai-drafts/[id]/promote/route.ts","100KB+","4","4441","120","","body/content (9)","","Verify measured payload in live audit and keep response under 100KB."
"/api/remediation/capture","src/app/api/remediation/capture/route.ts","100KB+","4","4416","115","","body/content (10)","2 select shape(s); pagination/cursor parameters","Verify measured payload in live audit and keep response under 100KB."
"/api/learner/study-budget","src/app/api/learner/study-budget/route.ts","100KB+","4","4380","120","","body/content (8)","1 select shape(s)","Verify measured payload in live audit and keep response under 100KB."
"/api/inbound-email","src/app/api/inbound-email/route.ts","100KB+","4","4360","92","","body/content (5)","pagination/cursor parameters","Verify measured payload in live audit and keep response under 100KB."
"/api/health/e2e-account-probe","src/app/api/health/e2e-account-probe/route.ts","100KB+","4","4342","133","","body/content (8)","2 select shape(s)","Verify measured payload in live audit and keep response under 100KB."
"/api/ai/study-plan/generate","src/app/api/ai/study-plan/generate/route.ts","100KB+","4","4340","118","","body/content (4)","","Verify measured payload in live audit and keep response under 100KB."
"/api/learner/notebook","src/app/api/learner/notebook/route.ts","100KB+","4","3992","108","","body/content (9)","1 select shape(s)","Verify measured payload in live audit and keep response under 100KB."
"/api/cases/cnple/:sessionId/advance","src/app/api/cases/cnple/[sessionId]/advance/route.ts","100KB+","4","3882","105","","body/content (8)","","Verify measured payload in live audit and keep response under 100KB."
"/api/admin/osce-stations","src/app/api/admin/osce-stations/route.ts","100KB+","4","3757","114","1 findMany call(s)","body/content (3)","pagination/cursor parameters","Verify measured payload in live audit and keep response under 100KB."
"/api/learner/lesson-assessment","src/app/api/learner/lesson-assessment/route.ts","100KB+","4","3748","105","","body/content (5)","","Verify measured payload in live audit and keep response under 100KB."
"/api/admin/pathway-launch-workflow","src/app/api/admin/pathway-launch-workflow/route.ts","100KB+","4","3733","110","","body/content (6)","","Verify measured payload in live audit and keep response under 100KB."
"/api/learner/rn-coaching-state","src/app/api/learner/rn-coaching-state/route.ts","100KB+","4","3577","96","","body/content (5)","","Verify measured payload in live audit and keep response under 100KB."
"/api/admin/lessons/:id/adapt","src/app/api/admin/lessons/[id]/adapt/route.ts","100KB+","4","3524","96","","body/content (9)","","Verify measured payload in live audit and keep response under 100KB."
"/api/learner/adaptive-post-miss","src/app/api/learner/adaptive-post-miss/route.ts","100KB+","4","3113","80","","body/content (6)","","Verify measured payload in live audit and keep response under 100KB."
"/api/flashcards/stats","src/app/api/flashcards/stats/route.ts","100KB+","4","2997","89","","body/content (4)","1 select shape(s)","Verify measured payload in live audit and keep response under 100KB."
"/api/admin/content-bulk/preview","src/app/api/admin/content-bulk/preview/route.ts","100KB+","4","2947","78","","body/content (10)","","Verify measured payload in live audit and keep response under 100KB."
"/api/debug/auth-user","src/app/api/debug/auth-user/route.ts","100KB+","4","2800","93","3 findMany call(s); 1 raw SQL call(s)","","pagination/cursor parameters","Verify measured payload in live audit and keep response under 100KB."
"/api/onboarding/complete","src/app/api/onboarding/complete/route.ts","100KB+","4","2714","74","","body/content (9)","1 select shape(s)","Verify measured payload in live audit and keep response under 100KB."
"/api/admin/lessons/:id/duplicate","src/app/api/admin/lessons/[id]/duplicate/route.ts","100KB+","4","2534","70","","body/content (8)","","Verify measured payload in live audit and keep response under 100KB."
"/api/admin/clinical-nursing-scenarios/:scenarioId/publish-status","src/app/api/admin/clinical-nursing-scenarios/[scenarioId]/publish-status/route.ts","100KB+","4","2519","69","","body/content (5)","1 select shape(s)","Verify measured payload in live audit and keep response under 100KB."
"/api/verified-study/decks","src/app/api/verified-study/decks/route.ts","100KB+","4","2500","71","","body/content (10)","","Verify measured payload in live audit and keep response under 100KB."
"/api/admin/question-quality","src/app/api/admin/question-quality/route.ts","100KB+","4","2486","66","","body/content (5)","bounded page size","Verify measured payload in live audit and keep response under 100KB."
"/api/learner/mistakes","src/app/api/learner/mistakes/route.ts","100KB+","4","2390","68","","body/content (4)","pagination/cursor parameters","Verify measured payload in live audit and keep response under 100KB."
"/api/admin/users/:userId/activity-evidence","src/app/api/admin/users/[userId]/activity-evidence/route.ts","100KB+","4","2378","71","","body/content (4)","","Verify measured payload in live audit and keep response under 100KB."
"/api/verified-study/decks/:deckId","src/app/api/verified-study/decks/[deckId]/route.ts","100KB+","4","2376","58","","body/content (5)","","Verify measured payload in live audit and keep response under 100KB."
"/api/cases/cnple/session","src/app/api/cases/cnple/session/route.ts","100KB+","4","2362","70","","body/content (8)","","Verify measured payload in live audit and keep response under 100KB."
"/api/admin/media/:id","src/app/api/admin/media/[id]/route.ts","100KB+","4","2215","78","","body/content (6)","","Verify measured payload in live audit and keep response under 100KB."
"/api/admin/inline-content","src/app/api/admin/inline-content/route.ts","100KB+","4","1864","72","","body/content (8)","","Verify measured payload in live audit and keep response under 100KB."
"/api/study-plan/queue/:id","src/app/api/study-plan/queue/[id]/route.ts","100KB+","4","1819","51","","body/content (5)","pagination/cursor parameters","Verify measured payload in live audit and keep response under 100KB."
"/api/verified-study/cards/:cardId/progress","src/app/api/verified-study/cards/[cardId]/progress/route.ts","100KB+","4","1795","48","","body/content (4)","","Verify measured payload in live audit and keep response under 100KB."
"/api/admin/exam-hub-preview","src/app/api/admin/exam-hub-preview/route.ts","100KB+","4","1772","49","","body/content (6)","","Verify measured payload in live audit and keep response under 100KB."
"/api/admin/verified-study/decks/:deckId/publish-review","src/app/api/admin/verified-study/decks/[deckId]/publish-review/route.ts","100KB+","4","1764","52","","body/content (4)","","Verify measured payload in live audit and keep response under 100KB."
"/api/debug/prisma-query-audit","src/app/api/debug/prisma-query-audit/route.ts","100KB+","4","1696","61","","body/content (5)","","Verify measured payload in live audit and keep response under 100KB."
"/api/admin/clinical-nursing-scenarios","src/app/api/admin/clinical-nursing-scenarios/route.ts","100KB+","4","1668","48","","body/content (6)","","Verify measured payload in live audit and keep response under 100KB."
"/api/admin/institutions/:institutionId/seats","src/app/api/admin/institutions/[institutionId]/seats/route.ts","100KB+","4","1664","46","","body/content (7)","","Verify measured payload in live audit and keep response under 100KB."
"/api/verified-study/decks/:deckId/share","src/app/api/verified-study/decks/[deckId]/share/route.ts","100KB+","4","1658","44","","body/content (5)","","Verify measured payload in live audit and keep response under 100KB."
"/api/modules/ecg/questions/:id/answer","src/app/api/modules/ecg/questions/[id]/answer/route.ts","100KB+","4","1652","49","","body/content (5)","","Verify measured payload in live audit and keep response under 100KB."
"/api/feedback/report","src/app/api/feedback/report/route.ts","100KB+","4","1647","47","","body/content (4)","pagination/cursor parameters","Verify measured payload in live audit and keep response under 100KB."
"/api/verified-study/decks/:deckId/report","src/app/api/verified-study/decks/[deckId]/report/route.ts","100KB+","4","1386","37","","body/content (4)","","Verify measured payload in live audit and keep response under 100KB."
"/api/admin/institutions/:institutionId/license","src/app/api/admin/institutions/[institutionId]/license/route.ts","100KB+","4","1304","38","","body/content (6)","","Verify measured payload in live audit and keep response under 100KB."
"/api/health","src/app/api/health/route.ts","100KB+","4","1243","37","","body/content (4)","no JSON response detected","Verify measured payload in live audit and keep response under 100KB."
"/api/learner/lesson-loading-errors","src/app/api/learner/lesson-loading-errors/route.ts","100KB+","4","1051","29","","body/content (8)","pagination/cursor parameters","Verify measured payload in live audit and keep response under 100KB."
"/api/admin/blog/draft-batch/:id","src/app/api/admin/blog/draft-batch/[id]/route.ts","100KB+","4","970","37","include-heavy Prisma response shape detected","","2 select shape(s); 1 include shape(s) to review","Replace include-heavy reads with route-specific select shapes."
"/api/internal/reliability/self-heal","src/app/api/internal/reliability/self-heal/route.ts","100KB+","4","896","36","","body/content (4)","","Verify measured payload in live audit and keep response under 100KB."
"/api/admin/seo/validate-path","src/app/api/admin/seo/validate-path/route.ts","100KB+","4","883","28","","body/content (4)","","Verify measured payload in live audit and keep response under 100KB."
"/api/learner/pathway-lessons","src/app/api/learner/pathway-lessons/route.ts","<100KB","3","13119","339","","body/content (3)","1 select shape(s); bounded page size; pagination/cursor parameters","No immediate reduction needed; keep select shape and pagination."
"/api/exams/submit","src/app/api/exams/submit/route.ts","<100KB","3","11259","283","","body/content (3)","3 select shape(s)","No immediate reduction needed; keep select shape and pagination."
"/api/flashcards/decks/:deckRef/review","src/app/api/flashcards/decks/[deckRef]/review/route.ts","<100KB","3","8716","247","","body/content (3)","1 select shape(s); pagination/cursor parameters","No immediate reduction needed; keep select shape and pagination."
"/api/flashcards/cards/:cardId/review","src/app/api/flashcards/cards/[cardId]/review/route.ts","<100KB","3","8469","222","","body/content (3)","1 select shape(s); pagination/cursor parameters","No immediate reduction needed; keep select shape and pagination."
"/api/admin/blog/control-panel/generate","src/app/api/admin/blog/control-panel/generate/route.ts","<100KB","3","8348","232","","body/content (3)","","No immediate reduction needed; keep select shape and pagination."
"/api/lessons/pathway-progress","src/app/api/lessons/pathway-progress/route.ts","<100KB","3","7421","196","","body/content (3)","2 select shape(s)","No immediate reduction needed; keep select shape and pagination."
"/api/lessons/progress","src/app/api/lessons/progress/route.ts","<100KB","3","6889","182","","body/content (3)","4 select shape(s)","No immediate reduction needed; keep select shape and pagination."
"/api/admin/stats/analytics","src/app/api/admin/stats/analytics/route.ts","<100KB","3","6204","190","3 raw SQL call(s)","","","No immediate reduction needed; keep select shape and pagination."
"/api/flashcards/due-summary","src/app/api/flashcards/due-summary/route.ts","<100KB","3","5160","140","","body/content (3)","","No immediate reduction needed; keep select shape and pagination."
"/api/public/home-stats","src/app/api/public/home-stats/route.ts","<100KB","3","3658","77","","body/content (3)","pagination/cursor parameters; no JSON response detected","No immediate reduction needed; keep select shape and pagination."
"/api/admin/blog/localized/queue","src/app/api/admin/blog/localized/queue/route.ts","<100KB","3","3623","95","1 findMany call(s)","body/content (2)","2 select shape(s); pagination/cursor parameters","No immediate reduction needed; keep select shape and pagination."
"/api/admin/blog/draft-batch","src/app/api/admin/blog/draft-batch/route.ts","<100KB","3","3306","104","1 findMany call(s)","body/content (2)","3 select shape(s); bounded page size; pagination/cursor parameters","No immediate reduction needed; keep select shape and pagination."
"/api/learner/social/invite-code","src/app/api/learner/social/invite-code/route.ts","<100KB","3","3042","69","","body/content (3)","1 select shape(s)","No immediate reduction needed; keep select shape and pagination."
"/api/admin/osce-stations/:id","src/app/api/admin/osce-stations/[id]/route.ts","<100KB","3","2956","67","","body/content (3)","pagination/cursor parameters","No immediate reduction needed; keep select shape and pagination."
"/api/learner/study-settings","src/app/api/learner/study-settings/route.ts","<100KB","3","2846","82","","body/content (3)","","No immediate reduction needed; keep select shape and pagination."
"/api/admin/np-aanp-blueprint","src/app/api/admin/np-aanp-blueprint/route.ts","<100KB","3","2661","80","1 findMany call(s)","body/content (2)","1 select shape(s); bounded page size; pagination/cursor parameters","No immediate reduction needed; keep select shape and pagination."
"/api/learner/social/challenges","src/app/api/learner/social/challenges/route.ts","<100KB","3","2515","59","1 findMany call(s)","body/content (2)","2 select shape(s); pagination/cursor parameters","No immediate reduction needed; keep select shape and pagination."
"/api/learner/email-engagement-prefs","src/app/api/learner/email-engagement-prefs/route.ts","<100KB","3","2434","67","","body/content (3)","1 select shape(s)","No immediate reduction needed; keep select shape and pagination."
"/api/learner/social/groups","src/app/api/learner/social/groups/route.ts","<100KB","3","2377","56","1 findMany call(s)","body/content (2)","2 select shape(s); pagination/cursor parameters","No immediate reduction needed; keep select shape and pagination."
"/api/learner/simulation-events","src/app/api/learner/simulation-events/route.ts","<100KB","3","1059","30","","body/content (3)","","No immediate reduction needed; keep select shape and pagination."
"/api/admin/exam-coverage-audit","src/app/api/admin/exam-coverage-audit/route.ts","<100KB","3","787","21","","rationale (1); body/content (1); questionIds/full pools (1)","","No immediate reduction needed; keep select shape and pagination."
"/api/admin/blog/generation-jobs","src/app/api/admin/blog/generation-jobs/route.ts","<100KB","2","10007","348","","body/content (2)","2 select shape(s); bounded page size","No immediate reduction needed; keep select shape and pagination."
"/api/auth/forgot-password","src/app/api/auth/forgot-password/route.ts","<100KB","2","7098","219","1 raw SQL call(s)","body/content (1)","3 select shape(s)","No immediate reduction needed; keep select shape and pagination."
"/api/admin/lessons/ai-generate-batch","src/app/api/admin/lessons/ai-generate-batch/route.ts","<100KB","2","5395","176","1 findMany call(s)","body/content (1)","pagination/cursor parameters","No immediate reduction needed; keep select shape and pagination."
"/api/learner/readiness","src/app/api/learner/readiness/route.ts","<100KB","2","5329","130","","body/content (2)","","No immediate reduction needed; keep select shape and pagination."
"/api/admin/billing/stripe-reconcile","src/app/api/admin/billing/stripe-reconcile/route.ts","<100KB","2","5304","148","","body/content (2)","","No immediate reduction needed; keep select shape and pagination."
"/api/med-calculations/progress","src/app/api/med-calculations/progress/route.ts","<100KB","2","5123","134","","body/content (2)","1 select shape(s)","No immediate reduction needed; keep select shape and pagination."
"/api/admin/nclex-client-needs-mapping","src/app/api/admin/nclex-client-needs-mapping/route.ts","<100KB","2","5121","150","1 findMany call(s)","body/content (1)","1 select shape(s); bounded page size; pagination/cursor parameters","No immediate reduction needed; keep select shape and pagination."
"/api/labs/progress","src/app/api/labs/progress/route.ts","<100KB","2","5087","136","","body/content (2)","1 select shape(s)","No immediate reduction needed; keep select shape and pagination."
"/api/clinical-skills/progress","src/app/api/clinical-skills/progress/route.ts","<100KB","2","4785","120","","body/content (2)","1 select shape(s)","No immediate reduction needed; keep select shape and pagination."
"/api/cat/np/analysis","src/app/api/cat/np/analysis/route.ts","<100KB","2","4278","135","","body/content (2)","2 select shape(s)","No immediate reduction needed; keep select shape and pagination."
"/api/admin/printables/:id/upload","src/app/api/admin/printables/[id]/upload/route.ts","<100KB","2","4275","129","","body/content (1); images/media (1)","1 select shape(s)","No immediate reduction needed; keep select shape and pagination."
"/api/admin/automation-logs/:id/retry","src/app/api/admin/automation-logs/[id]/retry/route.ts","<100KB","2","4260","118","","body/content (2)","pagination/cursor parameters","No immediate reduction needed; keep select shape and pagination."
"/api/admin/lessons/ai-generate","src/app/api/admin/lessons/ai-generate/route.ts","<100KB","2","4163","119","1 findMany call(s)","body/content (1)","2 select shape(s); pagination/cursor parameters","No immediate reduction needed; keep select shape and pagination."
"/api/learner/engagement-nudges","src/app/api/learner/engagement-nudges/route.ts","<100KB","2","3890","114","1 findMany call(s)","body/content (1)","2 select shape(s); pagination/cursor parameters","No immediate reduction needed; keep select shape and pagination."
"/api/practice-tests/cat-insights","src/app/api/practice-tests/cat-insights/route.ts","<100KB","2","3658","104","1 findMany call(s)","body/content (1)","1 select shape(s); pagination/cursor parameters","No immediate reduction needed; keep select shape and pagination."
"/api/admin/gaps","src/app/api/admin/gaps/route.ts","<100KB","2","3633","107","2 raw SQL call(s)","","","No immediate reduction needed; keep select shape and pagination."
"/api/learner/pathway-lessons/topics","src/app/api/learner/pathway-lessons/topics/route.ts","<100KB","2","3430","90","1 findMany call(s)","body/content (1)","1 select shape(s); pagination/cursor parameters","No immediate reduction needed; keep select shape and pagination."
"/api/admin/media/upload","src/app/api/admin/media/upload/route.ts","<100KB","2","3328","109","","body/content (1); images/media (1)","","No immediate reduction needed; keep select shape and pagination."
"/api/admin/questions/bulk-import","src/app/api/admin/questions/bulk-import/route.ts","<100KB","2","3217","102","","body/content (2)","pagination/cursor parameters","No immediate reduction needed; keep select shape and pagination."
"/api/admin/automation-logs","src/app/api/admin/automation-logs/route.ts","<100KB","2","3109","87","1 findMany call(s)","body/content (1)","2 select shape(s); bounded page size; pagination/cursor parameters","No immediate reduction needed; keep select shape and pagination."
"/api/flashcards/decks/:deckRef","src/app/api/flashcards/decks/[deckRef]/route.ts","<100KB","2","3094","80","","body/content (2)","","No immediate reduction needed; keep select shape and pagination."
"/api/admin/media","src/app/api/admin/media/route.ts","<100KB","2","3059","112","1 findMany call(s)","images/media (1)","1 select shape(s); bounded page size; pagination/cursor parameters","No immediate reduction needed; keep select shape and pagination."
"/api/learner/social/privacy","src/app/api/learner/social/privacy/route.ts","<100KB","2","2974","71","","body/content (2)","","No immediate reduction needed; keep select shape and pagination."
"/api/learner/reset-progress","src/app/api/learner/reset-progress/route.ts","<100KB","2","2414","65","","body/content (2)","","No immediate reduction needed; keep select shape and pagination."
"/api/assets/i18n/:filename","src/app/api/assets/i18n/[filename]/route.ts","<100KB","2","2237","64","","body/content (2)","no JSON response detected","No immediate reduction needed; keep select shape and pagination."
"/api/learner/np-certification","src/app/api/learner/np-certification/route.ts","<100KB","2","2097","59","","body/content (2)","","No immediate reduction needed; keep select shape and pagination."
"/api/admin/revenue-protection/users/:userId/chargeback-package","src/app/api/admin/revenue-protection/users/[userId]/chargeback-package/route.ts","<100KB","2","2007","60","","body/content (2)","","No immediate reduction needed; keep select shape and pagination."
"/api/modules/ecg-pediatric/cases/:id","src/app/api/modules/ecg-pediatric/cases/[id]/route.ts","<100KB","2","1892","53","","options (2)","","No immediate reduction needed; keep select shape and pagination."
"/api/learner/social/compare/:friendUserId","src/app/api/learner/social/compare/[friendUserId]/route.ts","<100KB","2","1838","43","1 findMany call(s)","body/content (1)","1 select shape(s); pagination/cursor parameters","No immediate reduction needed; keep select shape and pagination."
"/api/modules/ecg-pediatric/cases","src/app/api/modules/ecg-pediatric/cases/route.ts","<100KB","2","1785","49","","options (2)","","No immediate reduction needed; keep select shape and pagination."
"/api/learner/social/friends","src/app/api/learner/social/friends/route.ts","<100KB","2","1736","47","1 findMany call(s)","body/content (1)","3 select shape(s); pagination/cursor parameters","No immediate reduction needed; keep select shape and pagination."
"/api/admin/blog/:id/seo/regenerate","src/app/api/admin/blog/[id]/seo/regenerate/route.ts","<100KB","2","1703","50","","body/content (1); images/media (1)","1 select shape(s)","No immediate reduction needed; keep select shape and pagination."
"/api/performance-summary","src/app/api/performance-summary/route.ts","<100KB","2","1585","40","","body/content (2)","","No immediate reduction needed; keep select shape and pagination."
"/api/learner/social/groups/:groupId/leaderboard","src/app/api/learner/social/groups/[groupId]/leaderboard/route.ts","<100KB","2","1514","29","1 findMany call(s)","body/content (1)","1 select shape(s); pagination/cursor parameters","No immediate reduction needed; keep select shape and pagination."
"/api/admin/observability/learners","src/app/api/admin/observability/learners/route.ts","<100KB","2","1463","43","","body/content (2)","bounded page size; pagination/cursor parameters","No immediate reduction needed; keep select shape and pagination."
"/api/admin/institutions","src/app/api/admin/institutions/route.ts","<100KB","2","1340","38","","body/content (2)","","No immediate reduction needed; keep select shape and pagination."
"/api/learner/referrals","src/app/api/learner/referrals/route.ts","<100KB","2","1285","26","","body/content (2)","","No immediate reduction needed; keep select shape and pagination."
"/api/admin/media/:id/scan","src/app/api/admin/media/[id]/scan/route.ts","<100KB","2","1109","42","","images/media (2)","1 select shape(s)","No immediate reduction needed; keep select shape and pagination."
"/api/admin/scalability-report","src/app/api/admin/scalability-report/route.ts","<100KB","2","816","21","","body/content (2)","","No immediate reduction needed; keep select shape and pagination."
"/api/signup","src/app/api/signup/route.ts","<100KB","1","13091","307","","body/content (1)","3 select shape(s); pagination/cursor parameters","No immediate reduction needed; keep select shape and pagination."
"/api/admin/lessons/ai-generate-batch/:jobId/step","src/app/api/admin/lessons/ai-generate-batch/[jobId]/step/route.ts","<100KB","1","7678","212","","body/content (1)","","No immediate reduction needed; keep select shape and pagination."
"/api/admin/ops/run","src/app/api/admin/ops/run/route.ts","<100KB","1","6382","159","","body/content (1)","","No immediate reduction needed; keep select shape and pagination."
"/api/admin/ai/exam-questions/generate-batch","src/app/api/admin/ai/exam-questions/generate-batch/route.ts","<100KB","1","6303","191","","body/content (1)","","No immediate reduction needed; keep select shape and pagination."
"/api/learner/activity-warm-cache","src/app/api/learner/activity-warm-cache/route.ts","<100KB","1","5518","158","","body/content (1)","","No immediate reduction needed; keep select shape and pagination."
"/api/billing/cancel-subscription","src/app/api/billing/cancel-subscription/route.ts","<100KB","1","5127","134","1 findMany call(s)","","2 select shape(s); pagination/cursor parameters","No immediate reduction needed; keep select shape and pagination."
"/api/learner/clinical-scenario-analytics","src/app/api/learner/clinical-scenario-analytics/route.ts","<100KB","1","4967","132","","body/content (1)","","No immediate reduction needed; keep select shape and pagination."
"/api/auth/reset-password","src/app/api/auth/reset-password/route.ts","<100KB","1","4556","122","","body/content (1)","1 select shape(s)","No immediate reduction needed; keep select shape and pagination."
"/api/auth/change-password","src/app/api/auth/change-password/route.ts","<100KB","1","4437","121","","body/content (1)","1 select shape(s)","No immediate reduction needed; keep select shape and pagination."
"/api/admin/learner-qa/simulate","src/app/api/admin/learner-qa/simulate/route.ts","<100KB","1","4391","123","","body/content (1)","","No immediate reduction needed; keep select shape and pagination."
"/api/admin/pathway-lessons","src/app/api/admin/pathway-lessons/route.ts","<100KB","1","4369","133","1 findMany call(s)","","1 select shape(s); bounded page size; pagination/cursor parameters","No immediate reduction needed; keep select shape and pagination."
"/api/admin/insights","src/app/api/admin/insights/route.ts","<100KB","1","4151","116","","body/content (1)","","No immediate reduction needed; keep select shape and pagination."
"/api/account/delete","src/app/api/account/delete/route.ts","<100KB","1","3912","108","","body/content (1)","","No immediate reduction needed; keep select shape and pagination."
"/api/learner/activity-lifecycle","src/app/api/learner/activity-lifecycle/route.ts","<100KB","1","3600","117","","body/content (1)","","No immediate reduction needed; keep select shape and pagination."
"/api/institutions/lead","src/app/api/institutions/lead/route.ts","<100KB","1","3551","99","","body/content (1)","pagination/cursor parameters","No immediate reduction needed; keep select shape and pagination."
"/api/admin/modules/ecg/readiness","src/app/api/admin/modules/ecg/readiness/route.ts","<100KB","1","3389","91","","body/content (1)","","No immediate reduction needed; keep select shape and pagination."
"/api/flashcards/weak-queue","src/app/api/flashcards/weak-queue/route.ts","<100KB","1","3171","81","","body/content (1)","","No immediate reduction needed; keep select shape and pagination."
"/api/admin/lessons/ai-drafts/:id/regenerate-section","src/app/api/admin/lessons/ai-drafts/[id]/regenerate-section/route.ts","<100KB","1","3079","78","","body/content (1)","","No immediate reduction needed; keep select shape and pagination."
"/api/questions/strategy-counts","src/app/api/questions/strategy-counts/route.ts","<100KB","1","2982","81","","body/content (1)","","No immediate reduction needed; keep select shape and pagination."
"/api/learner/social/friends/:connectionId","src/app/api/learner/social/friends/[connectionId]/route.ts","<100KB","1","2977","58","","body/content (1)","2 select shape(s)","No immediate reduction needed; keep select shape and pagination."
"/api/practice-tests/cat-readiness","src/app/api/practice-tests/cat-readiness/route.ts","<100KB","1","2928","86","","body/content (1)","","No immediate reduction needed; keep select shape and pagination."
"/api/admin/blog/:id/duplicate","src/app/api/admin/blog/[id]/duplicate/route.ts","<100KB","1","2853","84","","flashcard back/pearls (1)","2 select shape(s)","No immediate reduction needed; keep select shape and pagination."
"/api/learner/adaptive-recommendations","src/app/api/learner/adaptive-recommendations/route.ts","<100KB","1","2811","71","","body/content (1)","","No immediate reduction needed; keep select shape and pagination."
"/api/flashcards/study-queue","src/app/api/flashcards/study-queue/route.ts","<100KB","1","2725","59","","body/content (1)","pagination/cursor parameters","No immediate reduction needed; keep select shape and pagination."
"/api/learner/social/challenges/:challengeId","src/app/api/learner/social/challenges/[challengeId]/route.ts","<100KB","1","2548","52","","body/content (1)","2 select shape(s)","No immediate reduction needed; keep select shape and pagination."
"/api/learner/pathway-lesson-practice-questions","src/app/api/learner/pathway-lesson-practice-questions/route.ts","<100KB","1","2521","63","","body/content (1)","","No immediate reduction needed; keep select shape and pagination."
"/api/study-tools/session","src/app/api/study-tools/session/route.ts","<100KB","1","2373","65","","body/content (1)","","No immediate reduction needed; keep select shape and pagination."
"/api/billing/subscription-management","src/app/api/billing/subscription-management/route.ts","<100KB","1","2314","64","","body/content (1)","","No immediate reduction needed; keep select shape and pagination."
"/api/admin/exams","src/app/api/admin/exams/route.ts","<100KB","1","2293","63","1 findMany call(s)","","1 select shape(s); bounded page size; pagination/cursor parameters","No immediate reduction needed; keep select shape and pagination."
"/api/admin/protection-abuse-reviews/:id/action","src/app/api/admin/protection-abuse-reviews/[id]/action/route.ts","<100KB","1","2218","73","","body/content (1)","1 select shape(s)","No immediate reduction needed; keep select shape and pagination."
"/api/learner/pathway-hub-stats","src/app/api/learner/pathway-hub-stats/route.ts","<100KB","1","2156","59","","body/content (1)","pagination/cursor parameters","No immediate reduction needed; keep select shape and pagination."
"/api/auth/resend-verification","src/app/api/auth/resend-verification/route.ts","<100KB","1","2141","67","","body/content (1)","1 select shape(s)","No immediate reduction needed; keep select shape and pagination."
"/api/learner/protection-telemetry","src/app/api/learner/protection-telemetry/route.ts","<100KB","1","2090","63","","body/content (1)","","No immediate reduction needed; keep select shape and pagination."
"/api/admin/social/classrooms","src/app/api/admin/social/classrooms/route.ts","<100KB","1","2018","50","1 findMany call(s)","","1 select shape(s); pagination/cursor parameters","No immediate reduction needed; keep select shape and pagination."
"/api/admin/billing/subscription-actions","src/app/api/admin/billing/subscription-actions/route.ts","<100KB","1","1986","54","","body/content (1)","","No immediate reduction needed; keep select shape and pagination."
"/api/admin/blog/batch-schedule/items/:itemId/retry-repair","src/app/api/admin/blog/batch-schedule/items/[itemId]/retry-repair/route.ts","<100KB","1","1938","55","","body/content (1)","1 select shape(s)","No immediate reduction needed; keep select shape and pagination."
"/api/cron/compute-question-quality","src/app/api/cron/compute-question-quality/route.ts","<100KB","1","1856","51","","flashcard back/pearls (1)","","No immediate reduction needed; keep select shape and pagination."
"/api/admin/blog/:id/image-generate","src/app/api/admin/blog/[id]/image-generate/route.ts","<100KB","1","1814","58","","body/content (1)","3 select shape(s)","No immediate reduction needed; keep select shape and pagination."
"/api/exams/attempt/:id","src/app/api/exams/attempt/[id]/route.ts","<100KB","1","1751","45","","body/content (1)","","No immediate reduction needed; keep select shape and pagination."
"/api/learner/study-path","src/app/api/learner/study-path/route.ts","<100KB","1","1731","45","","body/content (1)","","No immediate reduction needed; keep select shape and pagination."
"/api/learner/personalized-study-plan","src/app/api/learner/personalized-study-plan/route.ts","<100KB","1","1713","37","","body/content (1)","","No immediate reduction needed; keep select shape and pagination."
"/api/learner/account/oauth-disconnect","src/app/api/learner/account/oauth-disconnect/route.ts","<100KB","1","1686","50","","body/content (1)","1 select shape(s)","No immediate reduction needed; keep select shape and pagination."
"/api/debug/clear-login-lock","src/app/api/debug/clear-login-lock/route.ts","<100KB","1","1633","47","","body/content (1)","","No immediate reduction needed; keep select shape and pagination."
"/api/learner/rn-coaching-context","src/app/api/learner/rn-coaching-context/route.ts","<100KB","1","1617","38","","body/content (1)","","No immediate reduction needed; keep select shape and pagination."
"/api/admin/storage/upload","src/app/api/admin/storage/upload/route.ts","<100KB","1","1595","52","","body/content (1)","","No immediate reduction needed; keep select shape and pagination."
"/api/study-plan","src/app/api/study-plan/route.ts","<100KB","1","1521","46","","body/content (1)","","No immediate reduction needed; keep select shape and pagination."
"/api/admin/ai/drafts/flashcards/:id/review","src/app/api/admin/ai/drafts/flashcards/[id]/review/route.ts","<100KB","1","1499","45","","body/content (1)","","No immediate reduction needed; keep select shape and pagination."
"/api/admin/ai/drafts/questions/:id/review","src/app/api/admin/ai/drafts/questions/[id]/review/route.ts","<100KB","1","1497","45","","body/content (1)","","No immediate reduction needed; keep select shape and pagination."
"/api/learner/adaptive-loop","src/app/api/learner/adaptive-loop/route.ts","<100KB","1","1402","44","","body/content (1)","","No immediate reduction needed; keep select shape and pagination."
"/api/learner/social/connect","src/app/api/learner/social/connect/route.ts","<100KB","1","1382","30","","body/content (1)","","No immediate reduction needed; keep select shape and pagination."
"/api/learner/social/groups/join","src/app/api/learner/social/groups/join/route.ts","<100KB","1","1369","27","","body/content (1)","","No immediate reduction needed; keep select shape and pagination."
"/api/study-tools/inventory","src/app/api/study-tools/inventory/route.ts","<100KB","1","1285","32","","body/content (1)","","No immediate reduction needed; keep select shape and pagination."
"/api/modules/ecg/worksheets","src/app/api/modules/ecg/worksheets/route.ts","<100KB","1","1259","40","1 findMany call(s)","","1 select shape(s); pagination/cursor parameters","No immediate reduction needed; keep select shape and pagination."
"/api/learner/insights","src/app/api/learner/insights/route.ts","<100KB","1","1253","30","","body/content (1)","","No immediate reduction needed; keep select shape and pagination."
"/api/learner/baseline-assessment/status","src/app/api/learner/baseline-assessment/status/route.ts","<100KB","1","1190","31","","body/content (1)","pagination/cursor parameters","No immediate reduction needed; keep select shape and pagination."
"/api/admin/content-audit/high-end-completeness","src/app/api/admin/content-audit/high-end-completeness/route.ts","<100KB","1","1189","37","","body/content (1)","","No immediate reduction needed; keep select shape and pagination."
"/api/admin/lessons/ai-drafts","src/app/api/admin/lessons/ai-drafts/route.ts","<100KB","1","1184","39","1 findMany call(s)","","1 select shape(s); bounded page size; pagination/cursor parameters","No immediate reduction needed; keep select shape and pagination."
"/api/learner/post-exam-coaching-context","src/app/api/learner/post-exam-coaching-context/route.ts","<100KB","1","1173","28","","body/content (1)","","No immediate reduction needed; keep select shape and pagination."
"/api/marketing/stamp-checkout-global-region-context","src/app/api/marketing/stamp-checkout-global-region-context/route.ts","<100KB","1","1149","30","","body/content (1)","pagination/cursor parameters","No immediate reduction needed; keep select shape and pagination."
"/api/learner/social/groups/:groupId/membership","src/app/api/learner/social/groups/[groupId]/membership/route.ts","<100KB","1","1127","22","","body/content (1)","","No immediate reduction needed; keep select shape and pagination."
"/api/admin/ai/drafts/questions","src/app/api/admin/ai/drafts/questions/route.ts","<100KB","1","1122","38","1 findMany call(s)","","1 select shape(s); pagination/cursor parameters","No immediate reduction needed; keep select shape and pagination."
"/api/admin/ai/drafts/flashcards","src/app/api/admin/ai/drafts/flashcards/route.ts","<100KB","1","1099","37","1 findMany call(s)","","1 select shape(s); pagination/cursor parameters","No immediate reduction needed; keep select shape and pagination."
"/api/learner/baseline-assessment/skip","src/app/api/learner/baseline-assessment/skip/route.ts","<100KB","1","1084","32","","body/content (1)","pagination/cursor parameters","No immediate reduction needed; keep select shape and pagination."
"/api/admin/blog/batch-schedule","src/app/api/admin/blog/batch-schedule/route.ts","<100KB","1","1057","39","1 findMany call(s)","","1 select shape(s); pagination/cursor parameters","No immediate reduction needed; keep select shape and pagination."
"/api/verified-study/decks/:deckId/duplicate","src/app/api/verified-study/decks/[deckId]/duplicate/route.ts","<100KB","1","1056","20","","body/content (1)","","No immediate reduction needed; keep select shape and pagination."
"/api/admin/study-published-snapshots/health","src/app/api/admin/study-published-snapshots/health/route.ts","<100KB","1","1017","31","","body/content (1)","","No immediate reduction needed; keep select shape and pagination."
"/api/admin/categories","src/app/api/admin/categories/route.ts","<100KB","1","1015","37","1 findMany call(s)","","1 select shape(s); bounded page size; pagination/cursor parameters","No immediate reduction needed; keep select shape and pagination."
"/api/learner/weak-areas","src/app/api/learner/weak-areas/route.ts","<100KB","1","994","22","","body/content (1)","","No immediate reduction needed; keep select shape and pagination."
"/api/admin/internal-courses","src/app/api/admin/internal-courses/route.ts","<100KB","1","929","39","1 findMany call(s)","","2 select shape(s); pagination/cursor parameters","No immediate reduction needed; keep select shape and pagination."
"/api/beta/me","src/app/api/beta/me/route.ts","<100KB","1","854","17","","options (1)","","No immediate reduction needed; keep select shape and pagination."
"/api/subscribe","src/app/api/subscribe/route.ts","<100KB","1","835","25","","body/content (1)","","No immediate reduction needed; keep select shape and pagination."
"/api/admin/analytics/content-quality","src/app/api/admin/analytics/content-quality/route.ts","<100KB","1","728","21","","body/content (1)","","No immediate reduction needed; keep select shape and pagination."
"/api/admin/content-quality/refresh","src/app/api/admin/content-quality/refresh/route.ts","<100KB","1","631","19","","body/content (1)","","No immediate reduction needed; keep select shape and pagination."
"/api/admin/qa","src/app/api/admin/qa/route.ts","<100KB","1","624","17","","body/content (1)","","No immediate reduction needed; keep select shape and pagination."
"/api/admin/scope-compliance","src/app/api/admin/scope-compliance/route.ts","<100KB","1","607","16","","body/content (1)","bounded page size","No immediate reduction needed; keep select shape and pagination."
"/api/admin/content-quality","src/app/api/admin/content-quality/route.ts","<100KB","1","423","12","","body/content (1)","","No immediate reduction needed; keep select shape and pagination."
"/api/admin/blog/generation-jobs/:id","src/app/api/admin/blog/generation-jobs/[id]/route.ts","<100KB","0","5107","172","","","","No immediate reduction needed; keep select shape and pagination."
"/api/admin/blog/generation-jobs/:id/tick","src/app/api/admin/blog/generation-jobs/[id]/tick/route.ts","<100KB","0","5032","148","","","1 select shape(s)","No immediate reduction needed; keep select shape and pagination."
"/api/admin/stats/users","src/app/api/admin/stats/users/route.ts","<100KB","0","4406","130","","","","No immediate reduction needed; keep select shape and pagination."
"/api/billing/reactivate-subscription","src/app/api/billing/reactivate-subscription/route.ts","<100KB","0","4310","113","","","1 select shape(s)","No immediate reduction needed; keep select shape and pagination."
"/api/health/ready","src/app/api/health/ready/route.ts","<100KB","0","4215","116","","","","No immediate reduction needed; keep select shape and pagination."
"/api/subscriptions/sync-after-checkout","src/app/api/subscriptions/sync-after-checkout/route.ts","<100KB","0","3771","102","","","pagination/cursor parameters","No immediate reduction needed; keep select shape and pagination."
"/api/cron/content-completion","src/app/api/cron/content-completion/route.ts","<100KB","0","3657","110","","","pagination/cursor parameters","No immediate reduction needed; keep select shape and pagination."
"/api/admin/blog/control-panel/regenerate","src/app/api/admin/blog/control-panel/regenerate/route.ts","<100KB","0","3623","104","","","","No immediate reduction needed; keep select shape and pagination."
"/api/cron/blog-batch-schedule","src/app/api/cron/blog-batch-schedule/route.ts","<100KB","0","3575","94","","","pagination/cursor parameters","No immediate reduction needed; keep select shape and pagination."
"/api/billing/portal","src/app/api/billing/portal/route.ts","<100KB","0","3281","81","","","2 select shape(s); pagination/cursor parameters","No immediate reduction needed; keep select shape and pagination."
"/api/admin/lessons/ai-generate-batch/:jobId/cancel","src/app/api/admin/lessons/ai-generate-batch/[jobId]/cancel/route.ts","<100KB","0","3256","100","","","","No immediate reduction needed; keep select shape and pagination."
"/api/admin/lessons/ai-generate-batch/:jobId","src/app/api/admin/lessons/ai-generate-batch/[jobId]/route.ts","<100KB","0","3204","84","","","","No immediate reduction needed; keep select shape and pagination."
"/api/internal/synthetic-learning-monitor","src/app/api/internal/synthetic-learning-monitor/route.ts","<100KB","0","3202","96","","","","No immediate reduction needed; keep select shape and pagination."
"/api/admin/revenue-alerts/test","src/app/api/admin/revenue-alerts/test/route.ts","<100KB","0","2909","76","","","","No immediate reduction needed; keep select shape and pagination."
"/api/auth/sync-session","src/app/api/auth/sync-session/route.ts","<100KB","0","2748","69","","","","No immediate reduction needed; keep select shape and pagination."
"/api/health/activity-startup","src/app/api/health/activity-startup/route.ts","<100KB","0","2667","69","","","1 select shape(s)","No immediate reduction needed; keep select shape and pagination."
"/api/readiness-health","src/app/api/readiness-health/route.ts","<100KB","0","2637","91","","","","No immediate reduction needed; keep select shape and pagination."
"/api/admin/blog/generate-gemini-draft","src/app/api/admin/blog/generate-gemini-draft/route.ts","<100KB","0","2612","88","","","pagination/cursor parameters","No immediate reduction needed; keep select shape and pagination."
"/api/cron/stripe-reconcile","src/app/api/cron/stripe-reconcile/route.ts","<100KB","0","2498","67","","","pagination/cursor parameters","No immediate reduction needed; keep select shape and pagination."
"/api/modules/ecg-pediatric/topics","src/app/api/modules/ecg-pediatric/topics/route.ts","<100KB","0","2387","63","","","","No immediate reduction needed; keep select shape and pagination."
"/api/admin/blog/control-panel/article-jobs/:id/tick","src/app/api/admin/blog/control-panel/article-jobs/[id]/tick/route.ts","<100KB","0","2376","73","","","1 select shape(s)","No immediate reduction needed; keep select shape and pagination."
"/api/admin/flashcards/decks","src/app/api/admin/flashcards/decks/route.ts","<100KB","0","2238","62","","","1 select shape(s)","No immediate reduction needed; keep select shape and pagination."
"/api/admin/flashcards/decks/:deckId","src/app/api/admin/flashcards/decks/[deckId]/route.ts","<100KB","0","2223","67","","","2 select shape(s)","No immediate reduction needed; keep select shape and pagination."
"/api/admin/ai/exam-questions/generate-batch/:jobId","src/app/api/admin/ai/exam-questions/generate-batch/[jobId]/route.ts","<100KB","0","2220","64","","","","No immediate reduction needed; keep select shape and pagination."
"/api/admin/users/:userId/impersonate","src/app/api/admin/users/[userId]/impersonate/route.ts","<100KB","0","2214","63","","","1 select shape(s)","No immediate reduction needed; keep select shape and pagination."
"/api/admin/seo/report","src/app/api/admin/seo/report/route.ts","<100KB","0","2118","66","","","","No immediate reduction needed; keep select shape and pagination."
"/api/admin/blog/draft-batch/:id/process","src/app/api/admin/blog/draft-batch/[id]/process/route.ts","<100KB","0","2112","60","","","","No immediate reduction needed; keep select shape and pagination."
"/api/remediation-health","src/app/api/remediation-health/route.ts","<100KB","0","2092","76","","","pagination/cursor parameters","No immediate reduction needed; keep select shape and pagination."
"/api/debug/session","src/app/api/debug/session/route.ts","<100KB","0","2088","59","","","","No immediate reduction needed; keep select shape and pagination."
"/api/auth/verify-email","src/app/api/auth/verify-email/route.ts","<100KB","0","1999","48","","","no JSON response detected","No immediate reduction needed; keep select shape and pagination."
"/api/admin/users/:userId/weak-area-study-debug","src/app/api/admin/users/[userId]/weak-area-study-debug/route.ts","<100KB","0","1900","57","","","1 select shape(s); pagination/cursor parameters","No immediate reduction needed; keep select shape and pagination."
"/api/cat-health","src/app/api/cat-health/route.ts","<100KB","0","1896","67","","","","No immediate reduction needed; keep select shape and pagination."
"/api/trial/start","src/app/api/trial/start/route.ts","<100KB","0","1851","55","","","","No immediate reduction needed; keep select shape and pagination."
"/api/admin/blog/env-diagnostics","src/app/api/admin/blog/env-diagnostics/route.ts","<100KB","0","1803","52","","","","No immediate reduction needed; keep select shape and pagination."
"/api/internal/runtime-env-health","src/app/api/internal/runtime-env-health/route.ts","<100KB","0","1755","51","","","","No immediate reduction needed; keep select shape and pagination."
"/api/cat/np/audit","src/app/api/cat/np/audit/route.ts","<100KB","0","1723","52","","","","No immediate reduction needed; keep select shape and pagination."
"/api/cron/learner-engagement","src/app/api/cron/learner-engagement/route.ts","<100KB","0","1709","46","","","pagination/cursor parameters","No immediate reduction needed; keep select shape and pagination."
"/api/printables/:id","src/app/api/printables/[id]/route.ts","<100KB","0","1634","45","","","1 select shape(s)","No immediate reduction needed; keep select shape and pagination."
"/api/admin/lessons/ai-generate-batch/:jobId/export","src/app/api/admin/lessons/ai-generate-batch/[jobId]/export/route.ts","<100KB","0","1606","48","","","","No immediate reduction needed; keep select shape and pagination."
"/api/admin/diagnostics","src/app/api/admin/diagnostics/route.ts","<100KB","0","1540","35","","","","No immediate reduction needed; keep select shape and pagination."
"/api/admin/blog/control-panel/article-jobs/:id/retry-repair","src/app/api/admin/blog/control-panel/article-jobs/[id]/retry-repair/route.ts","<100KB","0","1528","46","","","1 select shape(s)","No immediate reduction needed; keep select shape and pagination."
"/api/referrals/click","src/app/api/referrals/click/route.ts","<100KB","0","1523","41","","","","No immediate reduction needed; keep select shape and pagination."
"/api/cron/blog-publish","src/app/api/cron/blog-publish/route.ts","<100KB","0","1512","42","","","pagination/cursor parameters","No immediate reduction needed; keep select shape and pagination."
"/api/trial/status","src/app/api/trial/status/route.ts","<100KB","0","1476","51","","","1 select shape(s)","No immediate reduction needed; keep select shape and pagination."
"/api/admin/jobs/:id/retry","src/app/api/admin/jobs/[id]/retry/route.ts","<100KB","0","1465","56","","","2 select shape(s)","No immediate reduction needed; keep select shape and pagination."
"/api/admin/operations-dashboard","src/app/api/admin/operations-dashboard/route.ts","<100KB","0","1435","38","","","","No immediate reduction needed; keep select shape and pagination."
"/api/admin/blog/:id/auto-related","src/app/api/admin/blog/[id]/auto-related/route.ts","<100KB","0","1427","52","","","","No immediate reduction needed; keep select shape and pagination."
"/api/blog/publish","src/app/api/blog/publish/route.ts","<100KB","0","1407","45","","","pagination/cursor parameters","No immediate reduction needed; keep select shape and pagination."
"/api/admin/billing/integrity-summary","src/app/api/admin/billing/integrity-summary/route.ts","<100KB","0","1401","35","","","","No immediate reduction needed; keep select shape and pagination."
"/api/admin/learner-qa/clear","src/app/api/admin/learner-qa/clear/route.ts","<100KB","0","1397","38","","","","No immediate reduction needed; keep select shape and pagination."
"/api/admin/blog/draft-batch/items/:itemId/retry-repair","src/app/api/admin/blog/draft-batch/items/[itemId]/retry-repair/route.ts","<100KB","0","1376","42","","","1 select shape(s)","No immediate reduction needed; keep select shape and pagination."
"/api/internal/reliability/check","src/app/api/internal/reliability/check/route.ts","<100KB","0","1376","49","","","","No immediate reduction needed; keep select shape and pagination."
"/api/modules/ecg-pediatric/topics/:id","src/app/api/modules/ecg-pediatric/topics/[id]/route.ts","<100KB","0","1345","41","","","","No immediate reduction needed; keep select shape and pagination."
"/api/admin/exams/:id","src/app/api/admin/exams/[id]/route.ts","<100KB","0","1335","34","","","","No immediate reduction needed; keep select shape and pagination."
"/api/modules/ecg/questions","src/app/api/modules/ecg/questions/route.ts","<100KB","0","1329","41","","","","No immediate reduction needed; keep select shape and pagination."
"/api/admin/internal-courses/:id","src/app/api/admin/internal-courses/[id]/route.ts","<100KB","0","1317","48","","","2 select shape(s)","No immediate reduction needed; keep select shape and pagination."
"/api/admin/social/classrooms/:groupId","src/app/api/admin/social/classrooms/[groupId]/route.ts","<100KB","0","1290","31","","","1 select shape(s)","No immediate reduction needed; keep select shape and pagination."
"/api/admin/cat-blueprint-sessions","src/app/api/admin/cat-blueprint-sessions/route.ts","<100KB","0","1191","38","","","","No immediate reduction needed; keep select shape and pagination."
"/api/debug/me","src/app/api/debug/me/route.ts","<100KB","0","1160","35","","","","No immediate reduction needed; keep select shape and pagination."
"/api/admin/printables/analytics/summary","src/app/api/admin/printables/analytics/summary/route.ts","<100KB","0","1113","33","","","","No immediate reduction needed; keep select shape and pagination."
"/api/admin/system-status","src/app/api/admin/system-status/route.ts","<100KB","0","1099","34","","","","No immediate reduction needed; keep select shape and pagination."
"/api/admin/blog/refresh-existing","src/app/api/admin/blog/refresh-existing/route.ts","<100KB","0","1093","37","","","","No immediate reduction needed; keep select shape and pagination."
"/api/debug/db-env","src/app/api/debug/db-env/route.ts","<100KB","0","1075","32","","","","No immediate reduction needed; keep select shape and pagination."
"/api/admin/modules/advanced-ecg/status","src/app/api/admin/modules/advanced-ecg/status/route.ts","<100KB","0","1068","31","","","","No immediate reduction needed; keep select shape and pagination."
"/api/admin/stats","src/app/api/admin/stats/route.ts","<100KB","0","1027","29","","","","No immediate reduction needed; keep select shape and pagination."
"/api/cron/blog-article-generation-jobs","src/app/api/cron/blog-article-generation-jobs/route.ts","<100KB","0","1018","26","","","","No immediate reduction needed; keep select shape and pagination."
"/api/admin/modules/ecg/publish","src/app/api/admin/modules/ecg/publish/route.ts","<100KB","0","1015","23","","","","No immediate reduction needed; keep select shape and pagination."
"/api/admin/support/rate-limit-health","src/app/api/admin/support/rate-limit-health/route.ts","<100KB","0","900","28","","","","No immediate reduction needed; keep select shape and pagination."
"/api/debug/prisma-client-count","src/app/api/debug/prisma-client-count/route.ts","<100KB","0","898","28","","","","No immediate reduction needed; keep select shape and pagination."
"/api/admin/lesson-question-link-coverage","src/app/api/admin/lesson-question-link-coverage/route.ts","<100KB","0","895","27","","","","No immediate reduction needed; keep select shape and pagination."
"/api/public/flashcard-tags","src/app/api/public/flashcard-tags/route.ts","<100KB","0","895","16","","","no JSON response detected","No immediate reduction needed; keep select shape and pagination."
"/api/admin/analytics/retention-risk","src/app/api/admin/analytics/retention-risk/route.ts","<100KB","0","864","22","","","bounded page size","No immediate reduction needed; keep select shape and pagination."
"/api/debug/sentry-test","src/app/api/debug/sentry-test/route.ts","<100KB","0","848","23","","","","No immediate reduction needed; keep select shape and pagination."
"/api/admin/blog/batch-schedule/run","src/app/api/admin/blog/batch-schedule/run/route.ts","<100KB","0","831","21","","","","No immediate reduction needed; keep select shape and pagination."
"/api/admin/blog/:id/pre-publish-validation","src/app/api/admin/blog/[id]/pre-publish-validation/route.ts","<100KB","0","822","27","","","","No immediate reduction needed; keep select shape and pagination."
"/api/admin/users/:userId/adaptive-summary","src/app/api/admin/users/[userId]/adaptive-summary/route.ts","<100KB","0","817","22","","","","No immediate reduction needed; keep select shape and pagination."
"/api/admin/question-bank-coverage","src/app/api/admin/question-bank-coverage/route.ts","<100KB","0","801","21","","","","No immediate reduction needed; keep select shape and pagination."
"/api/admin/verified-study/cards/:cardId/verify","src/app/api/admin/verified-study/cards/[cardId]/verify/route.ts","<100KB","0","796","18","","","","No immediate reduction needed; keep select shape and pagination."
"/api/admin/users/:userId/health-score","src/app/api/admin/users/[userId]/health-score/route.ts","<100KB","0","793","23","","","","No immediate reduction needed; keep select shape and pagination."
"/api/admin/ai/generation-status","src/app/api/admin/ai/generation-status/route.ts","<100KB","0","774","26","","","","No immediate reduction needed; keep select shape and pagination."
"/api/admin/users/:userId/support","src/app/api/admin/users/[userId]/support/route.ts","<100KB","0","774","22","","","","No immediate reduction needed; keep select shape and pagination."
"/api/admin/analytics/study-performance","src/app/api/admin/analytics/study-performance/route.ts","<100KB","0","771","22","","","","No immediate reduction needed; keep select shape and pagination."
"/api/admin/analytics/users","src/app/api/admin/analytics/users/route.ts","<100KB","0","768","22","","","","No immediate reduction needed; keep select shape and pagination."
"/api/admin/blog/control-panel/article-jobs/:id","src/app/api/admin/blog/control-panel/article-jobs/[id]/route.ts","<100KB","0","764","23","","","","No immediate reduction needed; keep select shape and pagination."
"/api/admin/analytics/subscriptions","src/app/api/admin/analytics/subscriptions/route.ts","<100KB","0","763","22","","","","No immediate reduction needed; keep select shape and pagination."
"/api/admin/lessons/ai-drafts/:id","src/app/api/admin/lessons/ai-drafts/[id]/route.ts","<100KB","0","748","22","","","","No immediate reduction needed; keep select shape and pagination."
"/api/cron/jobs","src/app/api/cron/jobs/route.ts","<100KB","0","748","32","","","","No immediate reduction needed; keep select shape and pagination."
"/api/admin/fraud-dashboard","src/app/api/admin/fraud-dashboard/route.ts","<100KB","0","746","22","","","bounded page size","No immediate reduction needed; keep select shape and pagination."
"/api/admin/analytics/funnels","src/app/api/admin/analytics/funnels/route.ts","<100KB","0","743","19","","","","No immediate reduction needed; keep select shape and pagination."
"/api/admin/blog/diagnostics","src/app/api/admin/blog/diagnostics/route.ts","<100KB","0","740","27","","","","No immediate reduction needed; keep select shape and pagination."
"/api/admin/blog/ai-env-diagnostics","src/app/api/admin/blog/ai-env-diagnostics/route.ts","<100KB","0","738","19","","","","No immediate reduction needed; keep select shape and pagination."
"/api/admin/np-coverage","src/app/api/admin/np-coverage/route.ts","<100KB","0","734","20","","","","No immediate reduction needed; keep select shape and pagination."
"/api/admin/verified-study/pending","src/app/api/admin/verified-study/pending/route.ts","<100KB","0","724","17","","","","No immediate reduction needed; keep select shape and pagination."
"/api/admin/ops-center","src/app/api/admin/ops-center/route.ts","<100KB","0","719","24","","","","No immediate reduction needed; keep select shape and pagination."
"/api/admin/pathway-lesson-translations","src/app/api/admin/pathway-lesson-translations/route.ts","<100KB","0","712","18","","","","No immediate reduction needed; keep select shape and pagination."
"/api/admin/operations-health","src/app/api/admin/operations-health/route.ts","<100KB","0","711","20","","","","No immediate reduction needed; keep select shape and pagination."
"/api/admin/question-bank-diagnostics","src/app/api/admin/question-bank-diagnostics/route.ts","<100KB","0","701","20","","","","No immediate reduction needed; keep select shape and pagination."
"/api/cron/blog-revalidate","src/app/api/cron/blog-revalidate/route.ts","<100KB","0","684","16","","","","No immediate reduction needed; keep select shape and pagination."
"/api/admin/users/lookup","src/app/api/admin/users/lookup/route.ts","<100KB","0","679","20","","","","No immediate reduction needed; keep select shape and pagination."
"/api/admin/analytics/dashboard","src/app/api/admin/analytics/dashboard/route.ts","<100KB","0","658","24","","","","No immediate reduction needed; keep select shape and pagination."
"/api/admin/pre-nursing-report","src/app/api/admin/pre-nursing-report/route.ts","<100KB","0","634","17","","","","No immediate reduction needed; keep select shape and pagination."
"/api/osce-stations/:id","src/app/api/osce-stations/[id]/route.ts","<100KB","0","630","18","","","","No immediate reduction needed; keep select shape and pagination."
"/api/admin/observability/hub","src/app/api/admin/observability/hub/route.ts","<100KB","0","621","18","","","","No immediate reduction needed; keep select shape and pagination."
"/api/admin/question-bank-remediation","src/app/api/admin/question-bank-remediation/route.ts","<100KB","0","618","19","","","","No immediate reduction needed; keep select shape and pagination."
"/api/admin/blueprint-compliance","src/app/api/admin/blueprint-compliance/route.ts","<100KB","0","610","16","","","","No immediate reduction needed; keep select shape and pagination."
"/api/admin/ai/drafts/flashcards/:id","src/app/api/admin/ai/drafts/flashcards/[id]/route.ts","<100KB","0","563","17","","","","No immediate reduction needed; keep select shape and pagination."
"/api/admin/ai/drafts/questions/:id","src/app/api/admin/ai/drafts/questions/[id]/route.ts","<100KB","0","562","17","","","","No immediate reduction needed; keep select shape and pagination."
"/api/runtime/version","src/app/api/runtime/version/route.ts","<100KB","0","544","18","","","","No immediate reduction needed; keep select shape and pagination."
"/api/version","src/app/api/version/route.ts","<100KB","0","544","18","","","","No immediate reduction needed; keep select shape and pagination."
"/api/osce-stations","src/app/api/osce-stations/route.ts","<100KB","0","533","19","","","","No immediate reduction needed; keep select shape and pagination."
"/api/revalidate","src/app/api/revalidate/route.ts","<100KB","0","532","21","","","","No immediate reduction needed; keep select shape and pagination."
"/api/admin/ai-assistant","src/app/api/admin/ai-assistant/route.ts","<100KB","0","514","16","","","no JSON response detected","No immediate reduction needed; keep select shape and pagination."
"/api/admin/taxonomy/write-health","src/app/api/admin/taxonomy/write-health/route.ts","<100KB","0","487","15","","","","No immediate reduction needed; keep select shape and pagination."
"/api/admin/learner-qa/status","src/app/api/admin/learner-qa/status/route.ts","<100KB","0","435","12","","","","No immediate reduction needed; keep select shape and pagination."
"/api/admin/blog/batch-schedule/preview","src/app/api/admin/blog/batch-schedule/preview/route.ts","<100KB","0","389","9","","","no JSON response detected","No immediate reduction needed; keep select shape and pagination."
"/api/inngest","src/app/api/inngest/route.ts","<100KB","0","275","11","","","no JSON response detected","No immediate reduction needed; keep select shape and pagination."
"/api/healthz","src/app/api/healthz/route.ts","<100KB","0","215","9","","","no JSON response detected","No immediate reduction needed; keep select shape and pagination."
"/api/auth/:...nextauth","src/app/api/auth/[...nextauth]/route.ts","<100KB","0","201","7","","","no JSON response detected","No immediate reduction needed; keep select shape and pagination."